100 0 0.0
100 1 0.2960914373397827
100 2 0.5909804701805115
100 3 0.800000011920929
100 4 0.800000011920929
100 5 0.800000011920929
100 6 0.800000011920929
100 7 0.800000011920929
100 8 0.800000011920929
100 9 0.800000011920929
100 10 0.800000011920929
100 11 0.800000011920929
100 12 0.800000011920929
100 13 0.800000011920929
100 14 0.800000011920929
100 15 0.800000011920929
100 16 0.800000011920929
100 17 0.800000011920929
100 18 0.800000011920929
100 19 0.800000011920929
100 20 0.800000011920929
100 21 0.800000011920929
100 22 0.800000011920929
100 23 0.800000011920929
100 24 0.800000011920929
100 25 0.800000011920929
100 26 0.800000011920929
100 27 0.800000011920929
100 28 0.800000011920929
100 29 0.800000011920929
100 30 0.800000011920929
100 31 0.800000011920929
100 32 0.800000011920929
100 33 0.800000011920929
100 34 0.800000011920929
100 35 0.800000011920929
100 36 0.800000011920929
100 37 0.800000011920929
100 38 0.800000011920929
100 39 0.800000011920929
100 40 0.800000011920929
100 41 0.800000011920929
100 42 0.800000011920929
100 43 0.800000011920929
100 44 0.800000011920929
100 45 0.800000011920929
100 46 0.800000011920929
100 47 0.800000011920929
100 48 0.800000011920929
100 49 0.800000011920929
100 50 0.800000011920929
100 51 0.800000011920929
100 52 0.800000011920929
100 53 0.800000011920929
100 54 0.800000011920929
100 55 0.800000011920929
100 56 0.800000011920929
100 57 0.800000011920929
100 58 0.800000011920929
100 59 0.800000011920929
100 60 0.6435387134552002
100 61 0.4823135435581207
100 62 0.32137566804885864
100 63 0.16063626110553741
100 64 -2.860575705199153e-07
100 65 -0.16063682734966278
100 66 -0.3213762640953064
100 67 -0.4823141098022461
100 68 -0.643539309501648
100 69 -0.800000011920929
100 70 -0.800000011920929
100 71 -0.800000011920929
100 72 -0.800000011920929
100 73 -0.800000011920929
100 74 -0.800000011920929
100 75 -0.800000011920929
100 76 -0.800000011920929
100 77 -0.800000011920929
100 78 -0.800000011920929
100 79 -0.800000011920929
100 80 -0.800000011920929
100 81 -0.800000011920929
100 82 -0.800000011920929
100 83 -0.800000011920929
100 84 -0.800000011920929
100 85 -0.800000011920929
100 86 -0.800000011920929
100 87 -0.800000011920929
100 88 -0.800000011920929
100 89 -0.800000011920929
100 90 -0.800000011920929
100 91 -0.800000011920929
100 92 -0.800000011920929
100 93 -0.800000011920929
100 94 -0.800000011920929
100 95 -0.800000011920929
100 96 -0.800000011920929
100 97 -0.800000011920929
100 98 -0.800000011920929
100 99 -0.800000011920929
100 100 -0.800000011920929
100 101 -0.800000011920929
100 102 -0.800000011920929
100 103 -0.800000011920929
100 104 -0.800000011920929
100 105 -0.800000011920929
100 106 -0.800000011920929
100 107 -0.800000011920929
100 108 -0.800000011920929
100 109 -0.800000011920929
100 110 -0.800000011920929
100 111 -0.800000011920929
100 112 -0.800000011920929
100 113 -0.800000011920929
100 114 -0.800000011920929
100 115 -0.800000011920929
100 116 -0.800000011920929
100 117 -0.800000011920929
100 118 -0.800000011920929
100 119 -0.800000011920929
100 120 -0.800000011920929
100 121 -0.800000011920929
100 122 -0.800000011920929
100 123 -0.800000011920929
100 124 -0.800000011920929
100 125 -0.800000011920929
100 126 -0.5909782648086548
100 127 -0.296091228723526
101 0 0.0
101 1 0.3609423041343689
101 2 0.7204399704933167
101 3 0.800000011920929
101 4 0.800000011920929
101 5 0.800000011920929
101 6 0.800000011920929
101 7 0.800000011920929
101 8 0.800000011920929
101 9 0.800000011920929
101 10 0.800000011920929
101 11 0.800000011920929
101 12 0.800000011920929
101 13 0.800000011920929
101 14 0.800000011920929
101 15 0.800000011920929
101 16 0.800000011920929
101 17 0.800000011920929
101 18 0.800000011920929
101 19 0.800000011920929
101 20 0.800000011920929
101 21 0.800000011920929
101 22 0.800000011920929
101 23 0.800000011920929
101 24 0.800000011920929
101 25 0.800000011920929
101 26 0.800000011920929
101 27 0.800000011920929
101 28 0.800000011920929
101 29 0.800000011920929
101 30 0.800000011920929
101 31 0.800000011920929
101 32 0.800000011920929
101 33 0.800000011920929
101 34 0.800000011920929
101 35 0.800000011920929
101 36 0.800000011920929
101 37 0.800000011920929
101 38 0.800000011920929
101 39 0.800000011920929
101 40 0.800000011920929
101 41 0.800000011920929
101 42 0.800000011920929
101 43 0.800000011920929
101 44 0.800000011920929
101 45 0.800000011920929
101 46 0.800000011920929
101 47 0.800000011920929
101 48 0.800000011920929
101 49 0.800000011920929
101 50 0.800000011920929
101 51 0.800000011920929
101 52 0.800000011920929
101 53 0.800000011920929
101 54 0.800000011920929
101 55 0.800000011920929
101 56 0.800000011920929
101 57 0.800000011920929
101 58 0.800000011920929
101 59 0.800000011920929
101 60 0.800000011920929
101 61 0.6053444147109985
101 62 0.4034181535243988
101 63 0.2016637772321701
101 64 -3.591300696825783e-07
101 65 -0.20166447758674622
101 66 -0.4034188687801361
101 67 -0.6053450703620911
101 68 -0.800000011920929
101 69 -0.800000011920929
101 70 -0.800000011920929
101 71 -0.800000011920929
101 72 -0.800000011920929
101 73 -0.800000011920929
101 74 -0.800000011920929
101 75 -0.800000011920929
101 76 -0.800000011920929
101 77 -0.800000011920929
101 78 -0.800000011920929
101 79 -0.800000011920929
101 80 -0.800000011920929
101 81 -0.800000011920929
101 82 -0.800000011920929
101 83 -0.800000011920929
101 84 -0.800000011920929
101 85 -0.800000011920929
101 86 -0.800000011920929
101 87 -0.800000011920929
101 88 -0.800000011920929
101 89 -0.800000011920929
101 90 -0.800000011920929
101 91 -0.800000011920929
101 92 -0.800000011920929
101 93 -0.800000011920929
101 94 -0.800000011920929
101 95 -0.800000011920929
101 96 -0.800000011920929
101 97 -0.800000011920929
101 98 -0.800000011920929
101 99 -0.800000011920929
101 100 -0.800000011920929
101 101 -0.800000011920929
101 102 -0.800000011920929
101 103 -0.800000011920929
101 104 -0.800000011920929
101 105 -0.800000011920929
101 106 -0.800000011920929
101 107 -0.800000011920929
101 108 -0.800000011920929
101 109 -0.800000011920929
101 110 -0.800000011920929
101 111 -0.800000011920929
101 112 -0.800000011920929
101 113 -0.800000011920929
101 114 -0.800000011920929
101 115 -0.800000011920929
101 116 -0.800000011920929
101 117 -0.800000011920929
101 118 -0.800000011920929
101 119 -0.800000011920929
101 120 -0.800000011920929
101 121 -0.800000011920929
101 122 -0.800000011920929
101 123 -0.800000011920929
101 124 -0.800000011920929
101 125 -0.800000011920929
101 126 -0.720437228679657
101 127 -0.3609420657157898
102 0 0.0
102 1 0.4200235605239868
102 2 0.800000011920929
102 3 0.800000011920929
102 4 0.800000011920929
102 5 0.800000011920929
102 6 0.800000011920929
102 7 0.800000011920929
102 8 0.800000011920929
102 9 0.800000011920929
102 10 0.800000011920929
102 11 0.800000011920929
102 12 0.800000011920929
102 13 0.800000011920929
102 14 0.800000011920929
102 15 0.800000011920929
102 16 0.800000011920929
102 17 0.800000011920929
102 18 0.800000011920929
102 19 0.800000011920929
102 20 0.800000011920929
102 21 0.800000011920929
102 22 0.800000011920929
102 23 0.800000011920929
102 24 0.800000011920929
102 25 0.800000011920929
102 26 0.800000011920929
102 27 0.800000011920929
102 28 0.800000011920929
102 29 0.800000011920929
102 30 0.800000011920929
102 31 0.800000011920929
102 32 0.800000011920929
102 33 0.800000011920929
102 34 0.800000011920929
102 35 0.800000011920929
102 36 0.800000011920929
102 37 0.800000011920929
102 38 0.800000011920929
102 39 0.800000011920929
102 40 0.800000011920929
102 41 0.800000011920929
102 42 0.800000011920929
102 43 0.800000011920929
102 44 0.800000011920929
102 45 0.800000011920929
102 46 0.800000011920929
102 47 0.800000011920929
102 48 0.800000011920929
102 49 0.800000011920929
102 50 0.800000011920929
102 51 0.800000011920929
102 52 0.800000011920929
102 53 0.800000011920929
102 54 0.800000011920929
102 55 0.800000011920929
102 56 0.800000011920929
102 57 0.800000011920929
102 58 0.800000011920929
102 59 0.800000011920929
102 60 0.800000011920929
102 61 0.7293378114700317
102 62 0.4861404299736023
102 63 0.24304267764091492
102 64 -4.3283517925374326e-07
102 65 -0.24304352700710297
102 66 -0.48614129424095154
102 67 -0.7293386459350586
102 68 -0.800000011920929
102 69 -0.800000011920929
102 70 -0.800000011920929
102 71 -0.800000011920929
102 72 -0.800000011920929
102 73 -0.800000011920929
102 74 -0.800000011920929
102 75 -0.800000011920929
102 76 -0.800000011920929
102 77 -0.800000011920929
102 78 -0.800000011920929
102 79 -0.800000011920929
102 80 -0.800000011920929
102 81 -0.800000011920929
102 82 -0.800000011920929
102 83 -0.800000011920929
102 84 -0.800000011920929
102 85 -0.800000011920929
102 86 -0.800000011920929
102 87 -0.800000011920929
102 88 -0.800000011920929
102 89 -0.800000011920929
102 90 -0.800000011920929
102 91 -0.800000011920929
102 92 -0.800000011920929
102 93 -0.800000011920929
102 94 -0.800000011920929
102 95 -0.800000011920929
102 96 -0.800000011920929
102 97 -0.800000011920929
102 98 -0.800000011920929
102 99 -0.800000011920929
102 100 -0.800000011920929
102 101 -0.800000011920929
102 102 -0.800000011920929
102 103 -0.800000011920929
102 104 -0.800000011920929
102 105 -0.800000011920929
102 106 -0.800000011920929
102 107 -0.800000011920929
102 108 -0.800000011920929
102 109 -0.800000011920929
102 110 -0.800000011920929
102 111 -0.800000011920929
102 112 -0.800000011920929
102 113 -0.800000011920929
102 114 -0.800000011920929
102 115 -0.800000011920929
102 116 -0.800000011920929
102 117 -0.800000011920929
102 118 -0.800000011920929
102 119 -0.800000011920929
102 120 -0.800000011920929
102 121 -0.800000011920929
102 122 -0.800000011920929
102 123 -0.800000011920929
102 124 -0.800000011920929
102 125 -0.800000011920929
102 126 -0.800000011920929
102 127 -0.42002326250076294
103 0 0.0
103 1 0.47251084446907043
103 2 0.800000011920929
103 3 0.800000011920929
103 4 0.800000011920929
103 5 0.800000011920929
103 6 0.800000011920929
103 7 0.800000011920929
103 8 0.800000011920929
103 9 0.800000011920929
103 10 0.800000011920929
103 11 0.800000011920929
103 12 0.800000011920929
103 13 0.800000011920929
103 14 0.800000011920929
103 15 0.800000011920929
103 16 0.800000011920929
103 17 0.800000011920929
103 18 0.800000011920929
103 19 0.800000011920929
103 20 0.800000011920929
103 21 0.800000011920929
103 22 0.800000011920929
103 23 0.800000011920929
103 24 0.800000011920929
103 25 0.800000011920929
103 26 0.800000011920929
103 27 0.800000011920929
103 28 0.800000011920929
103 29 0.800000011920929
103 30 0.800000011920929
103 31 0.800000011920929
103 32 0.800000011920929
103 33 0.800000011920929
103 34 0.800000011920929
103 35 0.800000011920929
103 36 0.800000011920929
103 37 0.800000011920929
103 38 0.800000011920929
103 39 0.800000011920929
103 40 0.800000011920929
103 41 0.800000011920929
103 42 0.800000011920929
103 43 0.800000011920929
103 44 0.800000011920929
103 45 0.800000011920929
103 46 0.800000011920929
103 47 0.800000011920929
103 48 0.800000011920929
103 49 0.800000011920929
103 50 0.800000011920929
103 51 0.800000011920929
103 52 0.800000011920929
103 53 0.800000011920929
103 54 0.800000011920929
103 55 0.800000011920929
103 56 0.800000011920929
103 57 0.800000011920929
103 58 0.800000011920929
103 59 0.800000011920929
103 60 0.800000011920929
103 61 0.800000011920929
103 62 0.5692523717880249
103 63 0.2846289277076721
103 64 -5.069171038485365e-07
103 65 -0.2846299409866333
103 66 -0.5692534446716309
103 67 -0.800000011920929
103 68 -0.800000011920929
103 69 -0.800000011920929
103 70 -0.800000011920929
103 71 -0.800000011920929
103 72 -0.800000011920929
103 73 -0.800000011920929
103 74 -0.800000011920929
103 75 -0.800000011920929
103 76 -0.800000011920929
103 77 -0.800000011920929
103 78 -0.800000011920929
103 79 -0.800000011920929
103 80 -0.800000011920929
103 81 -0.800000011920929
103 82 -0.800000011920929
103 83 -0.800000011920929
103 84 -0.800000011920929
103 85 -0.800000011920929
103 86 -0.800000011920929
103 87 -0.800000011920929
103 88 -0.800000011920929
103 89 -0.800000011920929
103 90 -0.800000011920929
103 91 -0.800000011920929
103 92 -0.800000011920929
103 93 -0.800000011920929
103 94 -0.800000011920929
103 95 -0.800000011920929
103 96 -0.800000011920929
103 97 -0.800000011920929
103 98 -0.800000011920929
103 99 -0.800000011920929
103 100 -0.800000011920929
103 101 -0.800000011920929
103 102 -0.800000011920929
103 103 -0.800000011920929
103 104 -0.800000011920929
103 105 -0.800000011920929
103 106 -0.800000011920929
103 107 -0.800000011920929
103 108 -0.800000011920929
103 109 -0.800000011920929
103 110 -0.800000011920929
103 111 -0.800000011920929
103 112 -0.800000011920929
103 113 -0.800000011920929
103 114 -0.800000011920929
103 115 -0.800000011920929
103 116 -0.800000011920929
103 117 -0.800000011920929
103 118 -0.800000011920929
103 119 -0.800000011920929
103 120 -0.800000011920929
103 121 -0.800000011920929
103 122 -0.800000011920929
103 123 -0.800000011920929
103 124 -0.800000011920929
103 125 -0.800000011920929
103 126 -0.800000011920929
103 127 -0.4725104868412018
104 0 0.0
104 1 0.5177426934242249
104 2 0.800000011920929
104 3 0.800000011920929
104 4 0.800000011920929
104 5 0.800000011920929
104 6 0.800000011920929
104 7 0.800000011920929
104 8 0.800000011920929
104 9 0.800000011920929
104 10 0.800000011920929
104 11 0.800000011920929
104 12 0.800000011920929
104 13 0.800000011920929
104 14 0.800000011920929
104 15 0.800000011920929
104 16 0.800000011920929
104 17 0.800000011920929
104 18 0.800000011920929
104 19 0.800000011920929
104 20 0.800000011920929
104 21 0.800000011920929
104 22 0.800000011920929
104 23 0.800000011920929
104 24 0.800000011920929
104 25 0.800000011920929
104 26 0.800000011920929
104 27 0.800000011920929
104 28 0.800000011920929
104 29 0.800000011920929
104 30 0.800000011920929
104 31 0.800000011920929
104 32 0.800000011920929
104 33 0.800000011920929
104 34 0.800000011920929
104 35 0.800000011920929
104 36 0.800000011920929
104 37 0.800000011920929
104 38 0.800000011920929
104 39 0.800000011920929
104 40 0.800000011920929
104 41 0.800000011920929
104 42 0.800000011920929
104 43 0.800000011920929
104 44 0.800000011920929
104 45 0.800000011920929
104 46 0.800000011920929
104 47 0.800000011920929
104 48 0.800000011920929
104 49 0.800000011920929
104 50 0.800000011920929
104 51 0.800000011920929
104 52 0.800000011920929
104 53 0.800000011920929
104 54 0.800000011920929
104 55 0.800000011920929
104 56 0.800000011920929
104 57 0.800000011920929
104 58 0.800000011920929
104 59 0.800000011920929
104 60 0.800000011920929
104 61 0.800000011920929
104 62 0.652267575263977
104 63 0.3261798024177551
104 64 -5.809436061099404e-07
104 65 -0.32618093490600586
104 66 -0.6522687673568726
104 67 -0.800000011920929
104 68 -0.800000011920929
104 69 -0.800000011920929
104 70 -0.800000011920929
104 71 -0.800000011920929
104 72 -0.800000011920929
104 73 -0.800000011920929
104 74 -0.800000011920929
104 75 -0.800000011920929
104 76 -0.800000011920929
104 77 -0.800000011920929
104 78 -0.800000011920929
104 79 -0.800000011920929
104 80 -0.800000011920929
104 81 -0.800000011920929
104 82 -0.800000011920929
104 83 -0.800000011920929
104 84 -0.800000011920929
104 85 -0.800000011920929
104 86 -0.800000011920929
104 87 -0.800000011920929
104 88 -0.800000011920929
104 89 -0.800000011920929
104 90 -0.800000011920929
104 91 -0.800000011920929
104 92 -0.800000011920929
104 93 -0.800000011920929
104 94 -0.800000011920929
104 95 -0.800000011920929
104 96 -0.800000011920929
104 97 -0.800000011920929
104 98 -0.800000011920929
104 99 -0.800000011920929
104 100 -0.800000011920929
104 101 -0.800000011920929
104 102 -0.800000011920929
104 103 -0.800000011920929
104 104 -0.800000011920929
104 105 -0.800000011920929
104 106 -0.800000011920929
104 107 -0.800000011920929
104 108 -0.800000011920929
104 109 -0.800000011920929
104 110 -0.800000011920929
104 111 -0.800000011920929
104 112 -0.800000011920929
104 113 -0.800000011920929
104 114 -0.800000011920929
104 115 -0.800000011920929
104 116 -0.800000011920929
104 117 -0.800000011920929
104 118 -0.800000011920929
104 119 -0.800000011920929
104 120 -0.800000011920929
104 121 -0.800000011920929
104 122 -0.800000011920929
104 123 -0.800000011920929
104 124 -0.800000011920929
104 125 -0.800000011920929
104 126 -0.800000011920929
104 127 -0.5177422761917114
105 0 0.0
105 1 0.5552300214767456
105 2 0.800000011920929
105 3 0.800000011920929
105 4 0.800000011920929
105 5 0.800000011920929
105 6 0.800000011920929
105 7 0.800000011920929
105 8 0.800000011920929
105 9 0.800000011920929
105 10 0.800000011920929
105 11 0.800000011920929
105 12 0.800000011920929
105 13 0.800000011920929
105 14 0.800000011920929
105 15 0.800000011920929
105 16 0.800000011920929
105 17 0.800000011920929
105 18 0.800000011920929
105 19 0.800000011920929
105 20 0.800000011920929
105 21 0.800000011920929
105 22 0.800000011920929
105 23 0.800000011920929
105 24 0.800000011920929
105 25 0.800000011920929
105 26 0.800000011920929
105 27 0.800000011920929
105 28 0.800000011920929
105 29 0.800000011920929
105 30 0.800000011920929
105 31 0.800000011920929
105 32 0.800000011920929
105 33 0.800000011920929
105 34 0.800000011920929
105 35 0.800000011920929
105 36 0.800000011920929
105 37 0.800000011920929
105 38 0.800000011920929
105 39 0.800000011920929
105 40 0.800000011920929
105 41 0.800000011920929
105 42 0.800000011920929
105 43 0.800000011920929
105 44 0.800000011920929
105 45 0.800000011920929
105 46 0.800000011920929
105 47 0.800000011920929
105 48 0.800000011920929
105 49 0.800000011920929
105 50 0.800000011920929
105 51 0.800000011920929
105 52 0.800000011920929
105 53 0.800000011920929
105 54 0.800000011920929
105 55 0.800000011920929
105 56 0.800000011920929
105 57 0.800000011920929
105 58 0.800000011920929
105 59 0.800000011920929
105 60 0.800000011920929
105 61 0.800000011920929
105 62 0.7344914674758911
105 63 0.3673478364944458
105 64 -6.542960591104929e-07
105 65 -0.36734914779663086
105 66 -0.734492838382721
105 67 -0.800000011920929
105 68 -0.800000011920929
105 69 -0.800000011920929
105 70 -0.800000011920929
105 71 -0.800000011920929
105 72 -0.800000011920929
105 73 -0.800000011920929
105 74 -0.800000011920929
105 75 -0.800000011920929
105 76 -0.800000011920929
105 77 -0.800000011920929
105 78 -0.800000011920929
105 79 -0.800000011920929
105 80 -0.800000011920929
105 81 -0.800000011920929
105 82 -0.800000011920929
105 83 -0.800000011920929
105 84 -0.800000011920929
105 85 -0.800000011920929
105 86 -0.800000011920929
105 87 -0.800000011920929
105 88 -0.800000011920929
105 89 -0.800000011920929
105 90 -0.800000011920929
105 91 -0.800000011920929
105 92 -0.800000011920929
105 93 -0.800000011920929
105 94 -0.800000011920929
105 95 -0.800000011920929
105 96 -0.800000011920929
105 97 -0.800000011920929
105 98 -0.800000011920929
105 99 -0.800000011920929
105 100 -0.800000011920929
105 101 -0.800000011920929
105 102 -0.800000011920929
105 103 -0.800000011920929
105 104 -0.800000011920929
105 105 -0.800000011920929
105 106 -0.800000011920929
105 107 -0.800000011920929
105 108 -0.800000011920929
105 109 -0.800000011920929
105 110 -0.800000011920929
105 111 -0.800000011920929
105 112 -0.800000011920929
105 113 -0.800000011920929
105 114 -0.800000011920929
105 115 -0.800000011920929
105 116 -0.800000011920929
105 117 -0.800000011920929
105 118 -0.800000011920929
105 119 -0.800000011920929
105 120 -0.800000011920929
105 121 -0.800000011920929
105 122 -0.800000011920929
105 123 -0.800000011920929
105 124 -0.800000011920929
105 125 -0.800000011920929
105 126 -0.800000011920929
105 127 -0.5552296042442322
106 0 0.0
106 1 0.5846644639968872
106 2 0.800000011920929
106 3 0.800000011920929
106 4 0.800000011920929
106 5 0.800000011920929
106 6 0.800000011920929
106 7 0.800000011920929
106 8 0.800000011920929
106 9 0.800000011920929
106 10 0.800000011920929
106 11 0.800000011920929
106 12 0.800000011920929
106 13 0.800000011920929
106 14 0.800000011920929
106 15 0.800000011920929
106 16 0.800000011920929
106 17 0.800000011920929
106 18 0.800000011920929
106 19 0.800000011920929
106 20 0.800000011920929
106 21 0.800000011920929
106 22 0.800000011920929
106 23 0.800000011920929
106 24 0.800000011920929
106 25 0.800000011920929
106 26 0.800000011920929
106 27 0.800000011920929
106 28 0.800000011920929
106 29 0.800000011920929
106 30 0.800000011920929
106 31 0.800000011920929
106 32 0.800000011920929
106 33 0.800000011920929
106 34 0.800000011920929
106 35 0.800000011920929
106 36 0.800000011920929
106 37 0.800000011920929
106 38 0.800000011920929
106 39 0.800000011920929
106 40 0.800000011920929
106 41 0.800000011920929
106 42 0.800000011920929
106 43 0.800000011920929
106 44 0.800000011920929
106 45 0.800000011920929
106 46 0.800000011920929
106 47 0.800000011920929
106 48 0.800000011920929
106 49 0.800000011920929
106 50 0.800000011920929
106 51 0.800000011920929
106 52 0.800000011920929
106 53 0.800000011920929
106 54 0.800000011920929
106 55 0.800000011920929
106 56 0.800000011920929
106 57 0.800000011920929
106 58 0.800000011920929
106 59 0.800000011920929
106 60 0.800000011920929
106 61 0.800000011920929
106 62 0.800000011920929
106 63 0.40768301486968994
106 64 -7.261722885232302e-07
106 65 -0.40768444538116455
106 66 -0.800000011920929
106 67 -0.800000011920929
106 68 -0.800000011920929
106 69 -0.800000011920929
106 70 -0.800000011920929
106 71 -0.800000011920929
106 72 -0.800000011920929
106 73 -0.800000011920929
106 74 -0.800000011920929
106 75 -0.800000011920929
106 76 -0.800000011920929
106 77 -0.800000011920929
106 78 -0.800000011920929
106 79 -0.800000011920929
106 80 -0.800000011920929
106 81 -0.800000011920929
106 82 -0.800000011920929
106 83 -0.800000011920929
106 84 -0.800000011920929
106 85 -0.800000011920929
106 86 -0.800000011920929
106 87 -0.800000011920929
106 88 -0.800000011920929
106 89 -0.800000011920929
106 90 -0.800000011920929
106 91 -0.800000011920929
106 92 -0.800000011920929
106 93 -0.800000011920929
106 94 -0.800000011920929
106 95 -0.800000011920929
106 96 -0.800000011920929
106 97 -0.800000011920929
106 98 -0.800000011920929
106 99 -0.800000011920929
106 100 -0.800000011920929
106 101 -0.800000011920929
106 102 -0.800000011920929
106 103 -0.800000011920929
106 104 -0.800000011920929
106 105 -0.800000011920929
106 106 -0.800000011920929
106 107 -0.800000011920929
106 108 -0.800000011920929
106 109 -0.800000011920929
106 110 -0.800000011920929
106 111 -0.800000011920929
106 112 -0.800000011920929
106 113 -0.800000011920929
106 114 -0.800000011920929
106 115 -0.800000011920929
106 116 -0.800000011920929
106 117 -0.800000011920929
106 118 -0.800000011920929
106 119 -0.800000011920929
106 120 -0.800000011920929
106 121 -0.800000011920929
106 122 -0.800000011920929
106 123 -0.800000011920929
106 124 -0.800000011920929
106 125 -0.800000011920929
106 126 -0.800000011920929
106 127 -0.584663987159729
107 0 0.0
107 1 0.605920135974884
107 2 0.800000011920929
107 3 0.800000011920929
107 4 0.800000011920929
107 5 0.800000011920929
107 6 0.800000011920929
107 7 0.800000011920929
107 8 0.800000011920929
107 9 0.800000011920929
107 10 0.800000011920929
107 11 0.800000011920929
107 12 0.800000011920929
107 13 0.800000011920929
107 14 0.800000011920929
107 15 0.800000011920929
107 16 0.800000011920929
107 17 0.800000011920929
107 18 0.800000011920929
107 19 0.800000011920929
107 20 0.800000011920929
107 21 0.800000011920929
107 22 0.800000011920929
107 23 0.800000011920929
107 24 0.800000011920929
107 25 0.800000011920929
107 26 0.800000011920929
107 27 0.800000011920929
107 28 0.800000011920929
107 29 0.800000011920929
107 30 0.800000011920929
107 31 0.800000011920929
107 32 0.800000011920929
107 33 0.800000011920929
107 34 0.800000011920929
107 35 0.800000011920929
107 36 0.800000011920929
107 37 0.800000011920929
107 38 0.800000011920929
107 39 0.800000011920929
107 40 0.800000011920929
107 41 0.800000011920929
107 42 0.800000011920929
107 43 0.800000011920929
107 44 0.800000011920929
107 45 0.800000011920929
107 46 0.800000011920929
107 47 0.800000011920929
107 48 0.800000011920929
107 49 0.800000011920929
107 50 0.800000011920929
107 51 0.800000011920929
107 52 0.800000011920929
107 53 0.800000011920929
107 54 0.800000011920929
107 55 0.800000011920929
107 56 0.800000011920929
107 57 0.800000011920929
107 58 0.800000011920929
107 59 0.800000011920929
107 60 0.800000011920929
107 61 0.800000011920929
107 62 0.800000011920929
107 63 0.44664081931114197
107 64 -7.956017498145229e-07
107 65 -0.44664233922958374
107 66 -0.800000011920929
107 67 -0.800000011920929
107 68 -0.800000011920929
107 69 -0.800000011920929
107 70 -0.800000011920929
107 71 -0.800000011920929
107 72 -0.800000011920929
107 73 -0.800000011920929
107 74 -0.800000011920929
107 75 -0.800000011920929
107 76 -0.800000011920929
107 77 -0.800000011920929
107 78 -0.800000011920929
107 79 -0.800000011920929
107 80 -0.800000011920929
107 81 -0.800000011920929
107 82 -0.800000011920929
107 83 -0.800000011920929
107 84 -0.800000011920929
107 85 -0.800000011920929
107 86 -0.800000011920929
107 87 -0.800000011920929
107 88 -0.800000011920929
107 89 -0.800000011920929
107 90 -0.800000011920929
107 91 -0.800000011920929
107 92 -0.800000011920929
107 93 -0.800000011920929
107 94 -0.800000011920929
107 95 -0.800000011920929
107 96 -0.800000011920929
107 97 -0.800000011920929
107 98 -0.800000011920929
107 99 -0.800000011920929
107 100 -0.800000011920929
107 101 -0.800000011920929
107 102 -0.800000011920929
107 103 -0.800000011920929
107 104 -0.800000011920929
107 105 -0.800000011920929
107 106 -0.800000011920929
107 107 -0.800000011920929
107 108 -0.800000011920929
107 109 -0.800000011920929
107 110 -0.800000011920929
107 111 -0.800000011920929
107 112 -0.800000011920929
107 113 -0.800000011920929
107 114 -0.800000011920929
107 115 -0.800000011920929
107 116 -0.800000011920929
107 117 -0.800000011920929
107 118 -0.800000011920929
107 119 -0.800000011920929
107 120 -0.800000011920929
107 121 -0.800000011920929
107 122 -0.800000011920929
107 123 -0.800000011920929
107 124 -0.800000011920929
107 125 -0.800000011920929
107 126 -0.800000011920929
107 127 -0.6059196591377258
108 0 0.0
108 1 0.6190469264984131
108 2 0.800000011920929
108 3 0.800000011920929
108 4 0.800000011920929
108 5 0.800000011920929
108 6 0.800000011920929
108 7 0.800000011920929
108 8 0.800000011920929
108 9 0.800000011920929
108 10 0.800000011920929
108 11 0.800000011920929
108 12 0.800000011920929
108 13 0.800000011920929
108 14 0.800000011920929
108 15 0.800000011920929
108 16 0.800000011920929
108 17 0.800000011920929
108 18 0.800000011920929
108 19 0.800000011920929
108 20 0.800000011920929
108 21 0.800000011920929
108 22 0.800000011920929
108 23 0.800000011920929
108 24 0.800000011920929
108 25 0.800000011920929
108 26 0.800000011920929
108 27 0.800000011920929
108 28 0.800000011920929
108 29 0.800000011920929
108 30 0.800000011920929
108 31 0.800000011920929
108 32 0.800000011920929
108 33 0.800000011920929
108 34 0.800000011920929
108 35 0.800000011920929
108 36 0.800000011920929
108 37 0.800000011920929
108 38 0.800000011920929
108 39 0.800000011920929
108 40 0.800000011920929
108 41 0.800000011920929
108 42 0.800000011920929
108 43 0.800000011920929
108 44 0.800000011920929
108 45 0.800000011920929
108 46 0.800000011920929
108 47 0.800000011920929
108 48 0.800000011920929
108 49 0.800000011920929
108 50 0.800000011920929
108 51 0.800000011920929
108 52 0.800000011920929
108 53 0.800000011920929
108 54 0.800000011920929
108 55 0.800000011920929
108 56 0.800000011920929
108 57 0.800000011920929
108 58 0.800000011920929
108 59 0.800000011920929
108 60 0.800000011920929
108 61 0.800000011920929
108 62 0.800000011920929
108 63 0.483590692281723
108 64 -8.614603643763985e-07
108 65 -0.48359236121177673
108 66 -0.800000011920929
108 67 -0.800000011920929
108 68 -0.800000011920929
108 69 -0.800000011920929
108 70 -0.800000011920929
108 71 -0.800000011920929
108 72 -0.800000011920929
108 73 -0.800000011920929
108 74 -0.800000011920929
108 75 -0.800000011920929
108 76 -0.800000011920929
108 77 -0.800000011920929
108 78 -0.800000011920929
108 79 -0.800000011920929
108 80 -0.800000011920929
108 81 -0.800000011920929
108 82 -0.800000011920929
108 83 -0.800000011920929
108 84 -0.800000011920929
108 85 -0.800000011920929
108 86 -0.800000011920929
108 87 -0.800000011920929
108 88 -0.800000011920929
108 89 -0.800000011920929
108 90 -0.800000011920929
108 91 -0.800000011920929
108 92 -0.800000011920929
108 93 -0.800000011920929
108 94 -0.800000011920929
108 95 -0.800000011920929
108 96 -0.800000011920929
108 97 -0.800000011920929
108 98 -0.800000011920929
108 99 -0.800000011920929
108 100 -0.800000011920929
108 101 -0.800000011920929
108 102 -0.800000011920929
108 103 -0.800000011920929
108 104 -0.800000011920929
108 105 -0.800000011920929
108 106 -0.800000011920929
108 107 -0.800000011920929
108 108 -0.800000011920929
108 109 -0.800000011920929
108 110 -0.800000011920929
108 111 -0.800000011920929
108 112 -0.800000011920929
108 113 -0.800000011920929
108 114 -0.800000011920929
108 115 -0.800000011920929
108 116 -0.800000011920929
108 117 -0.800000011920929
108 118 -0.800000011920929
108 119 -0.800000011920929
108 120 -0.800000011920929
108 121 -0.800000011920929
108 122 -0.800000011920929
108 123 -0.800000011920929
108 124 -0.800000011920929
108 125 -0.800000011920929
108 126 -0.800000011920929
108 127 -0.6190464496612549
109 0 0.0
109 1 0.6242614388465881
109 2 0.800000011920929
109 3 0.800000011920929
109 4 0.800000011920929
109 5 0.800000011920929
109 6 0.800000011920929
109 7 0.800000011920929
109 8 0.800000011920929
109 9 0.800000011920929
109 10 0.800000011920929
109 11 0.800000011920929
109 12 0.800000011920929
109 13 0.800000011920929
109 14 0.800000011920929
109 15 0.800000011920929
109 16 0.800000011920929
109 17 0.800000011920929
109 18 0.800000011920929
109 19 0.800000011920929
109 20 0.800000011920929
109 21 0.800000011920929
109 22 0.800000011920929
109 23 0.800000011920929
109 24 0.800000011920929
109 25 0.800000011920929
109 26 0.800000011920929
109 27 0.800000011920929
109 28 0.800000011920929
109 29 0.800000011920929
109 30 0.800000011920929
109 31 0.800000011920929
109 32 0.800000011920929
109 33 0.800000011920929
109 34 0.800000011920929
109 35 0.800000011920929
109 36 0.800000011920929
109 37 0.800000011920929
109 38 0.800000011920929
109 39 0.800000011920929
109 40 0.800000011920929
109 41 0.800000011920929
109 42 0.800000011920929
109 43 0.800000011920929
109 44 0.800000011920929
109 45 0.800000011920929
109 46 0.800000011920929
109 47 0.800000011920929
109 48 0.800000011920929
109 49 0.800000011920929
109 50 0.800000011920929
109 51 0.800000011920929
109 52 0.800000011920929
109 53 0.800000011920929
109 54 0.800000011920929
109 55 0.800000011920929
109 56 0.800000011920929
109 57 0.800000011920929
109 58 0.800000011920929
109 59 0.800000011920929
109 60 0.800000011920929
109 61 0.800000011920929
109 62 0.800000011920929
109 63 0.517833411693573
109 64 -9.22501328659564e-07
109 65 -0.517835259437561
109 66 -0.800000011920929
109 67 -0.800000011920929
109 68 -0.800000011920929
109 69 -0.800000011920929
109 70 -0.800000011920929
109 71 -0.800000011920929
109 72 -0.800000011920929
109 73 -0.800000011920929
109 74 -0.800000011920929
109 75 -0.800000011920929
109 76 -0.800000011920929
109 77 -0.800000011920929
109 78 -0.800000011920929
109 79 -0.800000011920929
109 80 -0.800000011920929
109 81 -0.800000011920929
109 82 -0.800000011920929
109 83 -0.800000011920929
109 84 -0.800000011920929
109 85 -0.800000011920929
109 86 -0.800000011920929
109 87 -0.800000011920929
109 88 -0.800000011920929
109 89 -0.800000011920929
109 90 -0.800000011920929
109 91 -0.800000011920929
109 92 -0.800000011920929
109 93 -0.800000011920929
109 94 -0.800000011920929
109 95 -0.800000011920929
109 96 -0.800000011920929
109 97 -0.800000011920929
109 98 -0.800000011920929
109 99 -0.800000011920929
109 100 -0.800000011920929
109 101 -0.800000011920929
109 102 -0.800000011920929
109 103 -0.800000011920929
109 104 -0.800000011920929
109 105 -0.800000011920929
109 106 -0.800000011920929
109 107 -0.800000011920929
109 108 -0.800000011920929
109 109 -0.800000011920929
109 110 -0.800000011920929
109 111 -0.800000011920929
109 112 -0.800000011920929
109 113 -0.800000011920929
109 114 -0.800000011920929
109 115 -0.800000011920929
109 116 -0.800000011920929
109 117 -0.800000011920929
109 118 -0.800000011920929
109 119 -0.800000011920929
109 120 -0.800000011920929
109 121 -0.800000011920929
109 122 -0.800000011920929
109 123 -0.800000011920929
109 124 -0.800000011920929
109 125 -0.800000011920929
109 126 -0.800000011920929
109 127 -0.6242609024047852
110 0 0.0
110 1 0.6219314336776733
110 2 0.800000011920929
110 3 0.800000011920929
110 4 0.800000011920929
110 5 0.800000011920929
110 6 0.800000011920929
110 7 0.800000011920929
110 8 0.800000011920929
110 9 0.800000011920929
110 10 0.800000011920929
110 11 0.800000011920929
110 12 0.800000011920929
110 13 0.800000011920929
110 14 0.800000011920929
110 15 0.800000011920929
110 16 0.800000011920929
110 17 0.800000011920929
110 18 0.800000011920929
110 19 0.800000011920929
110 20 0.800000011920929
110 21 0.800000011920929
110 22 0.800000011920929
110 23 0.800000011920929
110 24 0.800000011920929
110 25 0.800000011920929
110 26 0.800000011920929
110 27 0.800000011920929
110 28 0.800000011920929
110 29 0.800000011920929
110 30 0.800000011920929
110 31 0.800000011920929
110 32 0.800000011920929
110 33 0.800000011920929
110 34 0.800000011920929
110 35 0.800000011920929
110 36 0.800000011920929
110 37 0.800000011920929
110 38 0.800000011920929
110 39 0.800000011920929
110 40 0.800000011920929
110 41 0.800000011920929
110 42 0.800000011920929
110 43 0.800000011920929
110 44 0.800000011920929
110 45 0.800000011920929
110 46 0.800000011920929
110 47 0.800000011920929
110 48 0.800000011920929
110 49 0.800000011920929
110 50 0.800000011920929
110 51 0.800000011920929
110 52 0.800000011920929
110 53 0.800000011920929
110 54 0.800000011920929
110 55 0.800000011920929
110 56 0.800000011920929
110 57 0.800000011920929
110 58 0.800000011920929
110 59 0.800000011920929
110 60 0.800000011920929
110 61 0.800000011920929
110 62 0.800000011920929
110 63 0.5486219525337219
110 64 -9.773923466127599e-07
110 65 -0.5486238598823547
110 66 -0.800000011920929
110 67 -0.800000011920929
110 68 -0.800000011920929
110 69 -0.800000011920929
110 70 -0.800000011920929
110 71 -0.800000011920929
110 72 -0.800000011920929
110 73 -0.800000011920929
110 74 -0.800000011920929
110 75 -0.800000011920929
110 76 -0.800000011920929
110 77 -0.800000011920929
110 78 -0.800000011920929
110 79 -0.800000011920929
110 80 -0.800000011920929
110 81 -0.800000011920929
110 82 -0.800000011920929
110 83 -0.800000011920929
110 84 -0.800000011920929
110 85 -0.800000011920929
110 86 -0.800000011920929
110 87 -0.800000011920929
110 88 -0.800000011920929
110 89 -0.800000011920929
110 90 -0.800000011920929
110 91 -0.800000011920929
110 92 -0.800000011920929
110 93 -0.800000011920929
110 94 -0.800000011920929
110 95 -0.800000011920929
110 96 -0.800000011920929
110 97 -0.800000011920929
110 98 -0.800000011920929
110 99 -0.800000011920929
110 100 -0.800000011920929
110 101 -0.800000011920929
110 102 -0.800000011920929
110 103 -0.800000011920929
110 104 -0.800000011920929
110 105 -0.800000011920929
110 106 -0.800000011920929
110 107 -0.800000011920929
110 108 -0.800000011920929
110 109 -0.800000011920929
110 110 -0.800000011920929
110 111 -0.800000011920929
110 112 -0.800000011920929
110 113 -0.800000011920929
110 114 -0.800000011920929
110 115 -0.800000011920929
110 116 -0.800000011920929
110 117 -0.800000011920929
110 118 -0.800000011920929
110 119 -0.800000011920929
110 120 -0.800000011920929
110 121 -0.800000011920929
110 122 -0.800000011920929
110 123 -0.800000011920929
110 124 -0.800000011920929
110 125 -0.800000011920929
110 126 -0.800000011920929
110 127 -0.6219310164451599
111 0 0.0
111 1 0.6125563979148865
111 2 0.800000011920929
111 3 0.800000011920929
111 4 0.800000011920929
111 5 0.800000011920929
111 6 0.800000011920929
111 7 0.800000011920929
111 8 0.800000011920929
111 9 0.800000011920929
111 10 0.800000011920929
111 11 0.800000011920929
111 12 0.800000011920929
111 13 0.800000011920929
111 14 0.800000011920929
111 15 0.800000011920929
111 16 0.800000011920929
111 17 0.800000011920929
111 18 0.800000011920929
111 19 0.800000011920929
111 20 0.800000011920929
111 21 0.800000011920929
111 22 0.800000011920929
111 23 0.800000011920929
111 24 0.800000011920929
111 25 0.800000011920929
111 26 0.800000011920929
111 27 0.800000011920929
111 28 0.800000011920929
111 29 0.800000011920929
111 30 0.800000011920929
111 31 0.800000011920929
111 32 0.800000011920929
111 33 0.800000011920929
111 34 0.800000011920929
111 35 0.800000011920929
111 36 0.800000011920929
111 37 0.800000011920929
111 38 0.800000011920929
111 39 0.800000011920929
111 40 0.800000011920929
111 41 0.800000011920929
111 42 0.800000011920929
111 43 0.800000011920929
111 44 0.800000011920929
111 45 0.800000011920929
111 46 0.800000011920929
111 47 0.800000011920929
111 48 0.800000011920929
111 49 0.800000011920929
111 50 0.800000011920929
111 51 0.800000011920929
111 52 0.800000011920929
111 53 0.800000011920929
111 54 0.800000011920929
111 55 0.800000011920929
111 56 0.800000011920929
111 57 0.800000011920929
111 58 0.800000011920929
111 59 0.800000011920929
111 60 0.800000011920929
111 61 0.800000011920929
111 62 0.800000011920929
111 63 0.5751825571060181
111 64 -1.024753487399721e-06
111 65 -0.5751845836639404
111 66 -0.800000011920929
111 67 -0.800000011920929
111 68 -0.800000011920929
111 69 -0.800000011920929
111 70 -0.800000011920929
111 71 -0.800000011920929
111 72 -0.800000011920929
111 73 -0.800000011920929
111 74 -0.800000011920929
111 75 -0.800000011920929
111 76 -0.800000011920929
111 77 -0.800000011920929
111 78 -0.800000011920929
111 79 -0.800000011920929
111 80 -0.800000011920929
111 81 -0.800000011920929
111 82 -0.800000011920929
111 83 -0.800000011920929
111 84 -0.800000011920929
111 85 -0.800000011920929
111 86 -0.800000011920929
111 87 -0.800000011920929
111 88 -0.800000011920929
111 89 -0.800000011920929
111 90 -0.800000011920929
111 91 -0.800000011920929
111 92 -0.800000011920929
111 93 -0.800000011920929
111 94 -0.800000011920929
111 95 -0.800000011920929
111 96 -0.800000011920929
111 97 -0.800000011920929
111 98 -0.800000011920929
111 99 -0.800000011920929
111 100 -0.800000011920929
111 101 -0.800000011920929
111 102 -0.800000011920929
111 103 -0.800000011920929
111 104 -0.800000011920929
111 105 -0.800000011920929
111 106 -0.800000011920929
111 107 -0.800000011920929
111 108 -0.800000011920929
111 109 -0.800000011920929
111 110 -0.800000011920929
111 111 -0.800000011920929
111 112 -0.800000011920929
111 113 -0.800000011920929
111 114 -0.800000011920929
111 115 -0.800000011920929
111 116 -0.800000011920929
111 117 -0.800000011920929
111 118 -0.800000011920929
111 119 -0.800000011920929
111 120 -0.800000011920929
111 121 -0.800000011920929
111 122 -0.800000011920929
111 123 -0.800000011920929
111 124 -0.800000011920929
111 125 -0.800000011920929
111 126 -0.800000011920929
111 127 -0.6125559210777283
112 0 0.0
112 1 0.5967438817024231
112 2 0.800000011920929
112 3 0.800000011920929
112 4 0.800000011920929
112 5 0.800000011920929
112 6 0.800000011920929
112 7 0.800000011920929
112 8 0.800000011920929
112 9 0.800000011920929
112 10 0.800000011920929
112 11 0.800000011920929
112 12 0.800000011920929
112 13 0.800000011920929
112 14 0.800000011920929
112 15 0.800000011920929
112 16 0.800000011920929
112 17 0.800000011920929
112 18 0.800000011920929
112 19 0.800000011920929
112 20 0.800000011920929
112 21 0.800000011920929
112 22 0.800000011920929
112 23 0.800000011920929
112 24 0.800000011920929
112 25 0.800000011920929
112 26 0.800000011920929
112 27 0.800000011920929
112 28 0.800000011920929
112 29 0.800000011920929
112 30 0.800000011920929
112 31 0.800000011920929
112 32 0.800000011920929
112 33 0.800000011920929
112 34 0.800000011920929
112 35 0.800000011920929
112 36 0.800000011920929
112 37 0.800000011920929
112 38 0.800000011920929
112 39 0.800000011920929
112 40 0.800000011920929
112 41 0.800000011920929
112 42 0.800000011920929
112 43 0.800000011920929
112 44 0.800000011920929
112 45 0.800000011920929
112 46 0.800000011920929
112 47 0.800000011920929
112 48 0.800000011920929
112 49 0.800000011920929
112 50 0.800000011920929
112 51 0.800000011920929
112 52 0.800000011920929
112 53 0.800000011920929
112 54 0.800000011920929
112 55 0.800000011920929
112 56 0.800000011920929
112 57 0.800000011920929
112 58 0.800000011920929
112 59 0.800000011920929
112 60 0.800000011920929
112 61 0.800000011920929
112 62 0.800000011920929
112 63 0.5967418551445007
112 64 -1.0632056728354655e-06
112 65 -0.5967439413070679
112 66 -0.800000011920929
112 67 -0.800000011920929
112 68 -0.800000011920929
112 69 -0.800000011920929
112 70 -0.800000011920929
112 71 -0.800000011920929
112 72 -0.800000011920929
112 73 -0.800000011920929
112 74 -0.800000011920929
112 75 -0.800000011920929
112 76 -0.800000011920929
112 77 -0.800000011920929
112 78 -0.800000011920929
112 79 -0.800000011920929
112 80 -0.800000011920929
112 81 -0.800000011920929
112 82 -0.800000011920929
112 83 -0.800000011920929
112 84 -0.800000011920929
112 85 -0.800000011920929
112 86 -0.800000011920929
112 87 -0.800000011920929
112 88 -0.800000011920929
112 89 -0.800000011920929
112 90 -0.800000011920929
112 91 -0.800000011920929
112 92 -0.800000011920929
112 93 -0.800000011920929
112 94 -0.800000011920929
112 95 -0.800000011920929
112 96 -0.800000011920929
112 97 -0.800000011920929
112 98 -0.800000011920929
112 99 -0.800000011920929
112 100 -0.800000011920929
112 101 -0.800000011920929
112 102 -0.800000011920929
112 103 -0.800000011920929
112 104 -0.800000011920929
112 105 -0.800000011920929
112 106 -0.800000011920929
112 107 -0.800000011920929
112 108 -0.800000011920929
112 109 -0.800000011920929
112 110 -0.800000011920929
112 111 -0.800000011920929
112 112 -0.800000011920929
112 113 -0.800000011920929
112 114 -0.800000011920929
112 115 -0.800000011920929
112 116 -0.800000011920929
112 117 -0.800000011920929
112 118 -0.800000011920929
112 119 -0.800000011920929
112 120 -0.800000011920929
112 121 -0.800000011920929
112 122 -0.800000011920929
112 123 -0.800000011920929
112 124 -0.800000011920929
112 125 -0.800000011920929
112 126 -0.800000011920929
112 127 -0.5967434644699097
113 0 0.0
113 1 0.57518470287323
113 2 0.800000011920929
113 3 0.800000011920929
113 4 0.800000011920929
113 5 0.800000011920929
113 6 0.800000011920929
113 7 0.800000011920929
113 8 0.800000011920929
113 9 0.800000011920929
113 10 0.800000011920929
113 11 0.800000011920929
113 12 0.800000011920929
113 13 0.800000011920929
113 14 0.800000011920929
113 15 0.800000011920929
113 16 0.800000011920929
113 17 0.800000011920929
113 18 0.800000011920929
113 19 0.800000011920929
113 20 0.800000011920929
113 21 0.800000011920929
113 22 0.800000011920929
113 23 0.800000011920929
113 24 0.800000011920929
113 25 0.800000011920929
113 26 0.800000011920929
113 27 0.800000011920929
113 28 0.800000011920929
113 29 0.800000011920929
113 30 0.800000011920929
113 31 0.800000011920929
113 32 0.800000011920929
113 33 0.800000011920929
113 34 0.800000011920929
113 35 0.800000011920929
113 36 0.800000011920929
113 37 0.800000011920929
113 38 0.800000011920929
113 39 0.800000011920929
113 40 0.800000011920929
113 41 0.800000011920929
113 42 0.800000011920929
113 43 0.800000011920929
113 44 0.800000011920929
113 45 0.800000011920929
113 46 0.800000011920929
113 47 0.800000011920929
113 48 0.800000011920929
113 49 0.800000011920929
113 50 0.800000011920929
113 51 0.800000011920929
113 52 0.800000011920929
113 53 0.800000011920929
113 54 0.800000011920929
113 55 0.800000011920929
113 56 0.800000011920929
113 57 0.800000011920929
113 58 0.800000011920929
113 59 0.800000011920929
113 60 0.800000011920929
113 61 0.800000011920929
113 62 0.800000011920929
113 63 0.612554132938385
113 64 -1.0914181984844618e-06
113 65 -0.6125562787055969
113 66 -0.800000011920929
113 67 -0.800000011920929
113 68 -0.800000011920929
113 69 -0.800000011920929
113 70 -0.800000011920929
113 71 -0.800000011920929
113 72 -0.800000011920929
113 73 -0.800000011920929
113 74 -0.800000011920929
113 75 -0.800000011920929
113 76 -0.800000011920929
113 77 -0.800000011920929
113 78 -0.800000011920929
113 79 -0.800000011920929
113 80 -0.800000011920929
113 81 -0.800000011920929
113 82 -0.800000011920929
113 83 -0.800000011920929
113 84 -0.800000011920929
113 85 -0.800000011920929
113 86 -0.800000011920929
113 87 -0.800000011920929
113 88 -0.800000011920929
113 89 -0.800000011920929
113 90 -0.800000011920929
113 91 -0.800000011920929
113 92 -0.800000011920929
113 93 -0.800000011920929
113 94 -0.800000011920929
113 95 -0.800000011920929
113 96 -0.800000011920929
113 97 -0.800000011920929
113 98 -0.800000011920929
113 99 -0.800000011920929
113 100 -0.800000011920929
113 101 -0.800000011920929
113 102 -0.800000011920929
113 103 -0.800000011920929
113 104 -0.800000011920929
113 105 -0.800000011920929
113 106 -0.800000011920929
113 107 -0.800000011920929
113 108 -0.800000011920929
113 109 -0.800000011920929
113 110 -0.800000011920929
113 111 -0.800000011920929
113 112 -0.800000011920929
113 113 -0.800000011920929
113 114 -0.800000011920929
113 115 -0.800000011920929
113 116 -0.800000011920929
113 117 -0.800000011920929
113 118 -0.800000011920929
113 119 -0.800000011920929
113 120 -0.800000011920929
113 121 -0.800000011920929
113 122 -0.800000011920929
113 123 -0.800000011920929
113 124 -0.800000011920929
113 125 -0.800000011920929
113 126 -0.800000011920929
113 127 -0.5751842260360718
114 0 0.0
114 1 0.5486239790916443
114 2 0.800000011920929
114 3 0.800000011920929
114 4 0.800000011920929
114 5 0.800000011920929
114 6 0.800000011920929
114 7 0.800000011920929
114 8 0.800000011920929
114 9 0.800000011920929
114 10 0.800000011920929
114 11 0.800000011920929
114 12 0.800000011920929
114 13 0.800000011920929
114 14 0.800000011920929
114 15 0.800000011920929
114 16 0.800000011920929
114 17 0.800000011920929
114 18 0.800000011920929
114 19 0.800000011920929
114 20 0.800000011920929
114 21 0.800000011920929
114 22 0.800000011920929
114 23 0.800000011920929
114 24 0.800000011920929
114 25 0.800000011920929
114 26 0.800000011920929
114 27 0.800000011920929
114 28 0.800000011920929
114 29 0.800000011920929
114 30 0.800000011920929
114 31 0.800000011920929
114 32 0.800000011920929
114 33 0.800000011920929
114 34 0.800000011920929
114 35 0.800000011920929
114 36 0.800000011920929
114 37 0.800000011920929
114 38 0.800000011920929
114 39 0.800000011920929
114 40 0.800000011920929
114 41 0.800000011920929
114 42 0.800000011920929
114 43 0.800000011920929
114 44 0.800000011920929
114 45 0.800000011920929
114 46 0.800000011920929
114 47 0.800000011920929
114 48 0.800000011920929
114 49 0.800000011920929
114 50 0.800000011920929
114 51 0.800000011920929
114 52 0.800000011920929
114 53 0.800000011920929
114 54 0.800000011920929
114 55 0.800000011920929
114 56 0.800000011920929
114 57 0.800000011920929
114 58 0.800000011920929
114 59 0.800000011920929
114 60 0.800000011920929
114 61 0.800000011920929
114 62 0.800000011920929
114 63 0.6219291687011719
114 64 -1.1081601769546978e-06
114 65 -0.6219313144683838
114 66 -0.800000011920929
114 67 -0.800000011920929
114 68 -0.800000011920929
114 69 -0.800000011920929
114 70 -0.800000011920929
114 71 -0.800000011920929
114 72 -0.800000011920929
114 73 -0.800000011920929
114 74 -0.800000011920929
114 75 -0.800000011920929
114 76 -0.800000011920929
114 77 -0.800000011920929
114 78 -0.800000011920929
114 79 -0.800000011920929
114 80 -0.800000011920929
114 81 -0.800000011920929
114 82 -0.800000011920929
114 83 -0.800000011920929
114 84 -0.800000011920929
114 85 -0.800000011920929
114 86 -0.800000011920929
114 87 -0.800000011920929
114 88 -0.800000011920929
114 89 -0.800000011920929
114 90 -0.800000011920929
114 91 -0.800000011920929
114 92 -0.800000011920929
114 93 -0.800000011920929
114 94 -0.800000011920929
114 95 -0.800000011920929
114 96 -0.800000011920929
114 97 -0.800000011920929
114 98 -0.800000011920929
114 99 -0.800000011920929
114 100 -0.800000011920929
114 101 -0.800000011920929
114 102 -0.800000011920929
114 103 -0.800000011920929
114 104 -0.800000011920929
114 105 -0.800000011920929
114 106 -0.800000011920929
114 107 -0.800000011920929
114 108 -0.800000011920929
114 109 -0.800000011920929
114 110 -0.800000011920929
114 111 -0.800000011920929
114 112 -0.800000011920929
114 113 -0.800000011920929
114 114 -0.800000011920929
114 115 -0.800000011920929
114 116 -0.800000011920929
114 117 -0.800000011920929
114 118 -0.800000011920929
114 119 -0.800000011920929
114 120 -0.800000011920929
114 121 -0.800000011920929
114 122 -0.800000011920929
114 123 -0.800000011920929
114 124 -0.800000011920929
114 125 -0.800000011920929
114 126 -0.800000011920929
114 127 -0.5486235618591309
115 0 0.0
115 1 0.517835259437561
115 2 0.800000011920929
115 3 0.800000011920929
115 4 0.800000011920929
115 5 0.800000011920929
115 6 0.800000011920929
115 7 0.800000011920929
115 8 0.800000011920929
115 9 0.800000011920929
115 10 0.800000011920929
115 11 0.800000011920929
115 12 0.800000011920929
115 13 0.800000011920929
115 14 0.800000011920929
115 15 0.800000011920929
115 16 0.800000011920929
115 17 0.800000011920929
115 18 0.800000011920929
115 19 0.800000011920929
115 20 0.800000011920929
115 21 0.800000011920929
115 22 0.800000011920929
115 23 0.800000011920929
115 24 0.800000011920929
115 25 0.800000011920929
115 26 0.800000011920929
115 27 0.800000011920929
115 28 0.800000011920929
115 29 0.800000011920929
115 30 0.800000011920929
115 31 0.800000011920929
115 32 0.800000011920929
115 33 0.800000011920929
115 34 0.800000011920929
115 35 0.800000011920929
115 36 0.800000011920929
115 37 0.800000011920929
115 38 0.800000011920929
115 39 0.800000011920929
115 40 0.800000011920929
115 41 0.800000011920929
115 42 0.800000011920929
115 43 0.800000011920929
115 44 0.800000011920929
115 45 0.800000011920929
115 46 0.800000011920929
115 47 0.800000011920929
115 48 0.800000011920929
115 49 0.800000011920929
115 50 0.800000011920929
115 51 0.800000011920929
115 52 0.800000011920929
115 53 0.800000011920929
115 54 0.800000011920929
115 55 0.800000011920929
115 56 0.800000011920929
115 57 0.800000011920929
115 58 0.800000011920929
115 59 0.800000011920929
115 60 0.800000011920929
115 61 0.800000011920929
115 62 0.800000011920929
115 63 0.6242590546607971
115 64 -1.112346808440634e-06
115 65 -0.624261200428009
115 66 -0.800000011920929
115 67 -0.800000011920929
115 68 -0.800000011920929
115 69 -0.800000011920929
115 70 -0.800000011920929
115 71 -0.800000011920929
115 72 -0.800000011920929
115 73 -0.800000011920929
115 74 -0.800000011920929
115 75 -0.800000011920929
115 76 -0.800000011920929
115 77 -0.800000011920929
115 78 -0.800000011920929
115 79 -0.800000011920929
115 80 -0.800000011920929
115 81 -0.800000011920929
115 82 -0.800000011920929
115 83 -0.800000011920929
115 84 -0.800000011920929
115 85 -0.800000011920929
115 86 -0.800000011920929
115 87 -0.800000011920929
115 88 -0.800000011920929
115 89 -0.800000011920929
115 90 -0.800000011920929
115 91 -0.800000011920929
115 92 -0.800000011920929
115 93 -0.800000011920929
115 94 -0.800000011920929
115 95 -0.800000011920929
115 96 -0.800000011920929
115 97 -0.800000011920929
115 98 -0.800000011920929
115 99 -0.800000011920929
115 100 -0.800000011920929
115 101 -0.800000011920929
115 102 -0.800000011920929
115 103 -0.800000011920929
115 104 -0.800000011920929
115 105 -0.800000011920929
115 106 -0.800000011920929
115 107 -0.800000011920929
115 108 -0.800000011920929
115 109 -0.800000011920929
115 110 -0.800000011920929
115 111 -0.800000011920929
115 112 -0.800000011920929
115 113 -0.800000011920929
115 114 -0.800000011920929
115 115 -0.800000011920929
115 116 -0.800000011920929
115 117 -0.800000011920929
115 118 -0.800000011920929
115 119 -0.800000011920929
115 120 -0.800000011920929
115 121 -0.800000011920929
115 122 -0.800000011920929
115 123 -0.800000011920929
115 124 -0.800000011920929
115 125 -0.800000011920929
115 126 -0.800000011920929
115 127 -0.5178349018096924
116 0 0.0
116 1 0.48359233140945435
116 2 0.800000011920929
116 3 0.800000011920929
116 4 0.800000011920929
116 5 0.800000011920929
116 6 0.800000011920929
116 7 0.800000011920929
116 8 0.800000011920929
116 9 0.800000011920929
116 10 0.800000011920929
116 11 0.800000011920929
116 12 0.800000011920929
116 13 0.800000011920929
116 14 0.800000011920929
116 15 0.800000011920929
116 16 0.800000011920929
116 17 0.800000011920929
116 18 0.800000011920929
116 19 0.800000011920929
116 20 0.800000011920929
116 21 0.800000011920929
116 22 0.800000011920929
116 23 0.800000011920929
116 24 0.800000011920929
116 25 0.800000011920929
116 26 0.800000011920929
116 27 0.800000011920929
116 28 0.800000011920929
116 29 0.800000011920929
116 30 0.800000011920929
116 31 0.800000011920929
116 32 0.800000011920929
116 33 0.800000011920929
116 34 0.800000011920929
116 35 0.800000011920929
116 36 0.800000011920929
116 37 0.800000011920929
116 38 0.800000011920929
116 39 0.800000011920929
116 40 0.800000011920929
116 41 0.800000011920929
116 42 0.800000011920929
116 43 0.800000011920929
116 44 0.800000011920929
116 45 0.800000011920929
116 46 0.800000011920929
116 47 0.800000011920929
116 48 0.800000011920929
116 49 0.800000011920929
116 50 0.800000011920929
116 51 0.800000011920929
116 52 0.800000011920929
116 53 0.800000011920929
116 54 0.800000011920929
116 55 0.800000011920929
116 56 0.800000011920929
116 57 0.800000011920929
116 58 0.800000011920929
116 59 0.800000011920929
116 60 0.800000011920929
116 61 0.800000011920929
116 62 0.800000011920929
116 63 0.6190444827079773
116 64 -1.1030873565687216e-06
116 65 -0.6190466284751892
116 66 -0.800000011920929
116 67 -0.800000011920929
116 68 -0.800000011920929
116 69 -0.800000011920929
116 70 -0.800000011920929
116 71 -0.800000011920929
116 72 -0.800000011920929
116 73 -0.800000011920929
116 74 -0.800000011920929
116 75 -0.800000011920929
116 76 -0.800000011920929
116 77 -0.800000011920929
116 78 -0.800000011920929
116 79 -0.800000011920929
116 80 -0.800000011920929
116 81 -0.800000011920929
116 82 -0.800000011920929
116 83 -0.800000011920929
116 84 -0.800000011920929
116 85 -0.800000011920929
116 86 -0.800000011920929
116 87 -0.800000011920929
116 88 -0.800000011920929
116 89 -0.800000011920929
116 90 -0.800000011920929
116 91 -0.800000011920929
116 92 -0.800000011920929
116 93 -0.800000011920929
116 94 -0.800000011920929
116 95 -0.800000011920929
116 96 -0.800000011920929
116 97 -0.800000011920929
116 98 -0.800000011920929
116 99 -0.800000011920929
116 100 -0.800000011920929
116 101 -0.800000011920929
116 102 -0.800000011920929
116 103 -0.800000011920929
116 104 -0.800000011920929
116 105 -0.800000011920929
116 106 -0.800000011920929
116 107 -0.800000011920929
116 108 -0.800000011920929
116 109 -0.800000011920929
116 110 -0.800000011920929
116 111 -0.800000011920929
116 112 -0.800000011920929
116 113 -0.800000011920929
116 114 -0.800000011920929
116 115 -0.800000011920929
116 116 -0.800000011920929
116 117 -0.800000011920929
116 118 -0.800000011920929
116 119 -0.800000011920929
116 120 -0.800000011920929
116 121 -0.800000011920929
116 122 -0.800000011920929
116 123 -0.800000011920929
116 124 -0.800000011920929
116 125 -0.800000011920929
116 126 -0.800000011920929
116 127 -0.4835919737815857
117 0 0.0
117 1 0.4466423988342285
117 2 0.800000011920929
117 3 0.800000011920929
117 4 0.800000011920929
117 5 0.800000011920929
117 6 0.800000011920929
117 7 0.800000011920929
117 8 0.800000011920929
117 9 0.800000011920929
117 10 0.800000011920929
117 11 0.800000011920929
117 12 0.800000011920929
117 13 0.800000011920929
117 14 0.800000011920929
117 15 0.800000011920929
117 16 0.800000011920929
117 17 0.800000011920929
117 18 0.800000011920929
117 19 0.800000011920929
117 20 0.800000011920929
117 21 0.800000011920929
117 22 0.800000011920929
117 23 0.800000011920929
117 24 0.800000011920929
117 25 0.800000011920929
117 26 0.800000011920929
117 27 0.800000011920929
117 28 0.800000011920929
117 29 0.800000011920929
117 30 0.800000011920929
117 31 0.800000011920929
117 32 0.800000011920929
117 33 0.800000011920929
117 34 0.800000011920929
117 35 0.800000011920929
117 36 0.800000011920929
117 37 0.800000011920929
117 38 0.800000011920929
117 39 0.800000011920929
117 40 0.800000011920929
117 41 0.800000011920929
117 42 0.800000011920929
117 43 0.800000011920929
117 44 0.800000011920929
117 45 0.800000011920929
117 46 0.800000011920929
117 47 0.800000011920929
117 48 0.800000011920929
117 49 0.800000011920929
117 50 0.800000011920929
117 51 0.800000011920929
117 52 0.800000011920929
117 53 0.800000011920929
117 54 0.800000011920929
117 55 0.800000011920929
117 56 0.800000011920929
117 57 0.800000011920929
117 58 0.800000011920929
117 59 0.800000011920929
117 60 0.800000011920929
117 61 0.800000011920929
117 62 0.800000011920929
117 63 0.605917751789093
117 64 -1.079725279851118e-06
117 65 -0.6059198975563049
117 66 -0.800000011920929
117 67 -0.800000011920929
117 68 -0.800000011920929
117 69 -0.800000011920929
117 70 -0.800000011920929
117 71 -0.800000011920929
117 72 -0.800000011920929
117 73 -0.800000011920929
117 74 -0.800000011920929
117 75 -0.800000011920929
117 76 -0.800000011920929
117 77 -0.800000011920929
117 78 -0.800000011920929
117 79 -0.800000011920929
117 80 -0.800000011920929
117 81 -0.800000011920929
117 82 -0.800000011920929
117 83 -0.800000011920929
117 84 -0.800000011920929
117 85 -0.800000011920929
117 86 -0.800000011920929
117 87 -0.800000011920929
117 88 -0.800000011920929
117 89 -0.800000011920929
117 90 -0.800000011920929
117 91 -0.800000011920929
117 92 -0.800000011920929
117 93 -0.800000011920929
117 94 -0.800000011920929
117 95 -0.800000011920929
117 96 -0.800000011920929
117 97 -0.800000011920929
117 98 -0.800000011920929
117 99 -0.800000011920929
117 100 -0.800000011920929
117 101 -0.800000011920929
117 102 -0.800000011920929
117 103 -0.800000011920929
117 104 -0.800000011920929
117 105 -0.800000011920929
117 106 -0.800000011920929
117 107 -0.800000011920929
117 108 -0.800000011920929
117 109 -0.800000011920929
117 110 -0.800000011920929
117 111 -0.800000011920929
117 112 -0.800000011920929
117 113 -0.800000011920929
117 114 -0.800000011920929
117 115 -0.800000011920929
117 116 -0.800000011920929
117 117 -0.800000011920929
117 118 -0.800000011920929
117 119 -0.800000011920929
117 120 -0.800000011920929
117 121 -0.800000011920929
117 122 -0.800000011920929
117 123 -0.800000011920929
117 124 -0.800000011920929
117 125 -0.800000011920929
117 126 -0.800000011920929
117 127 -0.44664204120635986
118 0 0.0
118 1 0.4076843857765198
118 2 0.800000011920929
118 3 0.800000011920929
118 4 0.800000011920929
118 5 0.800000011920929
118 6 0.800000011920929
118 7 0.800000011920929
118 8 0.800000011920929
118 9 0.800000011920929
118 10 0.800000011920929
118 11 0.800000011920929
118 12 0.800000011920929
118 13 0.800000011920929
118 14 0.800000011920929
118 15 0.800000011920929
118 16 0.800000011920929
118 17 0.800000011920929
118 18 0.800000011920929
118 19 0.800000011920929
118 20 0.800000011920929
118 21 0.800000011920929
118 22 0.800000011920929
118 23 0.800000011920929
118 24 0.800000011920929
118 25 0.800000011920929
118 26 0.800000011920929
118 27 0.800000011920929
118 28 0.800000011920929
118 29 0.800000011920929
118 30 0.800000011920929
118 31 0.800000011920929
118 32 0.800000011920929
118 33 0.800000011920929
118 34 0.800000011920929
118 35 0.800000011920929
118 36 0.800000011920929
118 37 0.800000011920929
118 38 0.800000011920929
118 39 0.800000011920929
118 40 0.800000011920929
118 41 0.800000011920929
118 42 0.800000011920929
118 43 0.800000011920929
118 44 0.800000011920929
118 45 0.800000011920929
118 46 0.800000011920929
118 47 0.800000011920929
118 48 0.800000011920929
118 49 0.800000011920929
118 50 0.800000011920929
118 51 0.800000011920929
118 52 0.800000011920929
118 53 0.800000011920929
118 54 0.800000011920929
118 55 0.800000011920929
118 56 0.800000011920929
118 57 0.800000011920929
118 58 0.800000011920929
118 59 0.800000011920929
118 60 0.800000011920929
118 61 0.800000011920929
118 62 0.800000011920929
118 63 0.584662139415741
118 64 -1.0418734746053815e-06
118 65 -0.5846641659736633
118 66 -0.800000011920929
118 67 -0.800000011920929
118 68 -0.800000011920929
118 69 -0.800000011920929
118 70 -0.800000011920929
118 71 -0.800000011920929
118 72 -0.800000011920929
118 73 -0.800000011920929
118 74 -0.800000011920929
118 75 -0.800000011920929
118 76 -0.800000011920929
118 77 -0.800000011920929
118 78 -0.800000011920929
118 79 -0.800000011920929
118 80 -0.800000011920929
118 81 -0.800000011920929
118 82 -0.800000011920929
118 83 -0.800000011920929
118 84 -0.800000011920929
118 85 -0.800000011920929
118 86 -0.800000011920929
118 87 -0.800000011920929
118 88 -0.800000011920929
118 89 -0.800000011920929
118 90 -0.800000011920929
118 91 -0.800000011920929
118 92 -0.800000011920929
118 93 -0.800000011920929
118 94 -0.800000011920929
118 95 -0.800000011920929
118 96 -0.800000011920929
118 97 -0.800000011920929
118 98 -0.800000011920929
118 99 -0.800000011920929
118 100 -0.800000011920929
118 101 -0.800000011920929
118 102 -0.800000011920929
118 103 -0.800000011920929
118 104 -0.800000011920929
118 105 -0.800000011920929
118 106 -0.800000011920929
118 107 -0.800000011920929
118 108 -0.800000011920929
118 109 -0.800000011920929
118 110 -0.800000011920929
118 111 -0.800000011920929
118 112 -0.800000011920929
118 113 -0.800000011920929
118 114 -0.800000011920929
118 115 -0.800000011920929
118 116 -0.800000011920929
118 117 -0.800000011920929
118 118 -0.800000011920929
118 119 -0.800000011920929
118 120 -0.800000011920929
118 121 -0.800000011920929
118 122 -0.800000011920929
118 123 -0.800000011920929
118 124 -0.800000011920929
118 125 -0.800000011920929
118 126 -0.800000011920929
118 127 -0.4076841175556183
119 0 0.0
119 1 0.36734867095947266
119 2 0.734490692615509
119 3 0.800000011920929
119 4 0.800000011920929
119 5 0.800000011920929
119 6 0.800000011920929
119 7 0.800000011920929
119 8 0.800000011920929
119 9 0.800000011920929
119 10 0.800000011920929
119 11 0.800000011920929
119 12 0.800000011920929
119 13 0.800000011920929
119 14 0.800000011920929
119 15 0.800000011920929
119 16 0.800000011920929
119 17 0.800000011920929
119 18 0.800000011920929
119 19 0.800000011920929
119 20 0.800000011920929
119 21 0.800000011920929
119 22 0.800000011920929
119 23 0.800000011920929
119 24 0.800000011920929
119 25 0.800000011920929
119 26 0.800000011920929
119 27 0.800000011920929
119 28 0.800000011920929
119 29 0.800000011920929
119 30 0.800000011920929
119 31 0.800000011920929
119 32 0.800000011920929
119 33 0.800000011920929
119 34 0.800000011920929
119 35 0.800000011920929
119 36 0.800000011920929
119 37 0.800000011920929
119 38 0.800000011920929
119 39 0.800000011920929
119 40 0.800000011920929
119 41 0.800000011920929
119 42 0.800000011920929
119 43 0.800000011920929
119 44 0.800000011920929
119 45 0.800000011920929
119 46 0.800000011920929
119 47 0.800000011920929
119 48 0.800000011920929
119 49 0.800000011920929
119 50 0.800000011920929
119 51 0.800000011920929
119 52 0.800000011920929
119 53 0.800000011920929
119 54 0.800000011920929
119 55 0.800000011920929
119 56 0.800000011920929
119 57 0.800000011920929
119 58 0.800000011920929
119 59 0.800000011920929
119 60 0.800000011920929
119 61 0.800000011920929
119 62 0.800000011920929
119 63 0.5552274584770203
119 64 -9.894419008560362e-07
119 65 -0.5552293658256531
119 66 -0.800000011920929
119 67 -0.800000011920929
119 68 -0.800000011920929
119 69 -0.800000011920929
119 70 -0.800000011920929
119 71 -0.800000011920929
119 72 -0.800000011920929
119 73 -0.800000011920929
119 74 -0.800000011920929
119 75 -0.800000011920929
119 76 -0.800000011920929
119 77 -0.800000011920929
119 78 -0.800000011920929
119 79 -0.800000011920929
119 80 -0.800000011920929
119 81 -0.800000011920929
119 82 -0.800000011920929
119 83 -0.800000011920929
119 84 -0.800000011920929
119 85 -0.800000011920929
119 86 -0.800000011920929
119 87 -0.800000011920929
119 88 -0.800000011920929
119 89 -0.800000011920929
119 90 -0.800000011920929
119 91 -0.800000011920929
119 92 -0.800000011920929
119 93 -0.800000011920929
119 94 -0.800000011920929
119 95 -0.800000011920929
119 96 -0.800000011920929
119 97 -0.800000011920929
119 98 -0.800000011920929
119 99 -0.800000011920929
119 100 -0.800000011920929
119 101 -0.800000011920929
119 102 -0.800000011920929
119 103 -0.800000011920929
119 104 -0.800000011920929
119 105 -0.800000011920929
119 106 -0.800000011920929
119 107 -0.800000011920929
119 108 -0.800000011920929
119 109 -0.800000011920929
119 110 -0.800000011920929
119 111 -0.800000011920929
119 112 -0.800000011920929
119 113 -0.800000011920929
119 114 -0.800000011920929
119 115 -0.800000011920929
119 116 -0.800000011920929
119 117 -0.800000011920929
119 118 -0.800000011920929
119 119 -0.800000011920929
119 120 -0.800000011920929
119 121 -0.800000011920929
119 122 -0.800000011920929
119 123 -0.800000011920929
119 124 -0.800000011920929
119 125 -0.800000011920929
119 126 -0.7344879508018494
119 127 -0.3673483729362488
120 0 0.0
120 1 0.32618090510368347
120 2 0.6522676944732666
120 3 0.800000011920929
120 4 0.800000011920929
120 5 0.800000011920929
120 6 0.800000011920929
120 7 0.800000011920929
120 8 0.800000011920929
120 9 0.800000011920929
120 10 0.800000011920929
120 11 0.800000011920929
120 12 0.800000011920929
120 13 0.800000011920929
120 14 0.800000011920929
120 15 0.800000011920929
120 16 0.800000011920929
120 17 0.800000011920929
120 18 0.800000011920929
120 19 0.800000011920929
120 20 0.800000011920929
120 21 0.800000011920929
120 22 0.800000011920929
120 23 0.800000011920929
120 24 0.800000011920929
120 25 0.800000011920929
120 26 0.800000011920929
120 27 0.800000011920929
120 28 0.800000011920929
120 29 0.800000011920929
120 30 0.800000011920929
120 31 0.800000011920929
120 32 0.800000011920929
120 33 0.800000011920929
120 34 0.800000011920929
120 35 0.800000011920929
120 36 0.800000011920929
120 37 0.800000011920929
120 38 0.800000011920929
120 39 0.800000011920929
120 40 0.800000011920929
120 41 0.800000011920929
120 42 0.800000011920929
120 43 0.800000011920929
120 44 0.800000011920929
120 45 0.800000011920929
120 46 0.800000011920929
120 47 0.800000011920929
120 48 0.800000011920929
120 49 0.800000011920929
120 50 0.800000011920929
120 51 0.800000011920929
120 52 0.800000011920929
120 53 0.800000011920929
120 54 0.800000011920929
120 55 0.800000011920929
120 56 0.800000011920929
120 57 0.800000011920929
120 58 0.800000011920929
120 59 0.800000011920929
120 60 0.800000011920929
120 61 0.800000011920929
120 62 0.800000011920929
120 63 0.5177405476570129
120 64 -9.22656113289122e-07
120 65 -0.517742395401001
120 66 -0.800000011920929
120 67 -0.800000011920929
120 68 -0.800000011920929
120 69 -0.800000011920929
120 70 -0.800000011920929
120 71 -0.800000011920929
120 72 -0.800000011920929
120 73 -0.800000011920929
120 74 -0.800000011920929
120 75 -0.800000011920929
120 76 -0.800000011920929
120 77 -0.800000011920929
120 78 -0.800000011920929
120 79 -0.800000011920929
120 80 -0.800000011920929
120 81 -0.800000011920929
120 82 -0.800000011920929
120 83 -0.800000011920929
120 84 -0.800000011920929
120 85 -0.800000011920929
120 86 -0.800000011920929
120 87 -0.800000011920929
120 88 -0.800000011920929
120 89 -0.800000011920929
120 90 -0.800000011920929
120 91 -0.800000011920929
120 92 -0.800000011920929
120 93 -0.800000011920929
120 94 -0.800000011920929
120 95 -0.800000011920929
120 96 -0.800000011920929
120 97 -0.800000011920929
120 98 -0.800000011920929
120 99 -0.800000011920929
120 100 -0.800000011920929
120 101 -0.800000011920929
120 102 -0.800000011920929
120 103 -0.800000011920929
120 104 -0.800000011920929
120 105 -0.800000011920929
120 106 -0.800000011920929
120 107 -0.800000011920929
120 108 -0.800000011920929
120 109 -0.800000011920929
120 110 -0.800000011920929
120 111 -0.800000011920929
120 112 -0.800000011920929
120 113 -0.800000011920929
120 114 -0.800000011920929
120 115 -0.800000011920929
120 116 -0.800000011920929
120 117 -0.800000011920929
120 118 -0.800000011920929
120 119 -0.800000011920929
120 120 -0.800000011920929
120 121 -0.800000011920929
120 122 -0.800000011920929
120 123 -0.800000011920929
120 124 -0.800000011920929
120 125 -0.800000011920929
120 126 -0.652265191078186
120 127 -0.326180636882782
121 0 0.0
121 1 0.28462985157966614
121 2 0.5692523717880249
121 3 0.800000011920929
121 4 0.800000011920929
121 5 0.800000011920929
121 6 0.800000011920929
121 7 0.800000011920929
121 8 0.800000011920929
121 9 0.800000011920929
121 10 0.800000011920929
121 11 0.800000011920929
121 12 0.800000011920929
121 13 0.800000011920929
121 14 0.800000011920929
121 15 0.800000011920929
121 16 0.800000011920929
121 17 0.800000011920929
121 18 0.800000011920929
121 19 0.800000011920929
121 20 0.800000011920929
121 21 0.800000011920929
121 22 0.800000011920929
121 23 0.800000011920929
121 24 0.800000011920929
121 25 0.800000011920929
121 26 0.800000011920929
121 27 0.800000011920929
121 28 0.800000011920929
121 29 0.800000011920929
121 30 0.800000011920929
121 31 0.800000011920929
121 32 0.800000011920929
121 33 0.800000011920929
121 34 0.800000011920929
121 35 0.800000011920929
121 36 0.800000011920929
121 37 0.800000011920929
121 38 0.800000011920929
121 39 0.800000011920929
121 40 0.800000011920929
121 41 0.800000011920929
121 42 0.800000011920929
121 43 0.800000011920929
121 44 0.800000011920929
121 45 0.800000011920929
121 46 0.800000011920929
121 47 0.800000011920929
121 48 0.800000011920929
121 49 0.800000011920929
121 50 0.800000011920929
121 51 0.800000011920929
121 52 0.800000011920929
121 53 0.800000011920929
121 54 0.800000011920929
121 55 0.800000011920929
121 56 0.800000011920929
121 57 0.800000011920929
121 58 0.800000011920929
121 59 0.800000011920929
121 60 0.800000011920929
121 61 0.800000011920929
121 62 0.800000011920929
121 63 0.47250887751579285
121 64 -8.420635140282684e-07
121 65 -0.47251051664352417
121 66 -0.800000011920929
121 67 -0.800000011920929
121 68 -0.800000011920929
121 69 -0.800000011920929
121 70 -0.800000011920929
121 71 -0.800000011920929
121 72 -0.800000011920929
121 73 -0.800000011920929
121 74 -0.800000011920929
121 75 -0.800000011920929
121 76 -0.800000011920929
121 77 -0.800000011920929
121 78 -0.800000011920929
121 79 -0.800000011920929
121 80 -0.800000011920929
121 81 -0.800000011920929
121 82 -0.800000011920929
121 83 -0.800000011920929
121 84 -0.800000011920929
121 85 -0.800000011920929
121 86 -0.800000011920929
121 87 -0.800000011920929
121 88 -0.800000011920929
121 89 -0.800000011920929
121 90 -0.800000011920929
121 91 -0.800000011920929
121 92 -0.800000011920929
121 93 -0.800000011920929
121 94 -0.800000011920929
121 95 -0.800000011920929
121 96 -0.800000011920929
121 97 -0.800000011920929
121 98 -0.800000011920929
121 99 -0.800000011920929
121 100 -0.800000011920929
121 101 -0.800000011920929
121 102 -0.800000011920929
121 103 -0.800000011920929
121 104 -0.800000011920929
121 105 -0.800000011920929
121 106 -0.800000011920929
121 107 -0.800000011920929
121 108 -0.800000011920929
121 109 -0.800000011920929
121 110 -0.800000011920929
121 111 -0.800000011920929
121 112 -0.800000011920929
121 113 -0.800000011920929
121 114 -0.800000011920929
121 115 -0.800000011920929
121 116 -0.800000011920929
121 117 -0.800000011920929
121 118 -0.800000011920929
121 119 -0.800000011920929
121 120 -0.800000011920929
121 121 -0.800000011920929
121 122 -0.800000011920929
121 123 -0.800000011920929
121 124 -0.800000011920929
121 125 -0.800000011920929
121 126 -0.5692501664161682
121 127 -0.2846296429634094
122 0 0.0
122 1 0.24304306507110596
122 2 0.4861396253108978
122 3 0.7293368577957153
122 4 0.800000011920929
122 5 0.800000011920929
122 6 0.800000011920929
122 7 0.800000011920929
122 8 0.800000011920929
122 9 0.800000011920929
122 10 0.800000011920929
122 11 0.800000011920929
122 12 0.800000011920929
122 13 0.800000011920929
122 14 0.800000011920929
122 15 0.800000011920929
122 16 0.800000011920929
122 17 0.800000011920929
122 18 0.800000011920929
122 19 0.800000011920929
122 20 0.800000011920929
122 21 0.800000011920929
122 22 0.800000011920929
122 23 0.800000011920929
122 24 0.800000011920929
122 25 0.800000011920929
122 26 0.800000011920929
122 27 0.800000011920929
122 28 0.800000011920929
122 29 0.800000011920929
122 30 0.800000011920929
122 31 0.800000011920929
122 32 0.800000011920929
122 33 0.800000011920929
122 34 0.800000011920929
122 35 0.800000011920929
122 36 0.800000011920929
122 37 0.800000011920929
122 38 0.800000011920929
122 39 0.800000011920929
122 40 0.800000011920929
122 41 0.800000011920929
122 42 0.800000011920929
122 43 0.800000011920929
122 44 0.800000011920929
122 45 0.800000011920929
122 46 0.800000011920929
122 47 0.800000011920929
122 48 0.800000011920929
122 49 0.800000011920929
122 50 0.800000011920929
122 51 0.800000011920929
122 52 0.800000011920929
122 53 0.800000011920929
122 54 0.800000011920929
122 55 0.800000011920929
122 56 0.800000011920929
122 57 0.800000011920929
122 58 0.800000011920929
122 59 0.800000011920929
122 60 0.800000011920929
122 61 0.800000011920929
122 62 0.800000011920929
122 63 0.42002126574516296
122 64 -7.485353989977739e-07
122 65 -0.4200226962566376
122 66 -0.800000011920929
122 67 -0.800000011920929
122 68 -0.800000011920929
122 69 -0.800000011920929
122 70 -0.800000011920929
122 71 -0.800000011920929
122 72 -0.800000011920929
122 73 -0.800000011920929
122 74 -0.800000011920929
122 75 -0.800000011920929
122 76 -0.800000011920929
122 77 -0.800000011920929
122 78 -0.800000011920929
122 79 -0.800000011920929
122 80 -0.800000011920929
122 81 -0.800000011920929
122 82 -0.800000011920929
122 83 -0.800000011920929
122 84 -0.800000011920929
122 85 -0.800000011920929
122 86 -0.800000011920929
122 87 -0.800000011920929
122 88 -0.800000011920929
122 89 -0.800000011920929
122 90 -0.800000011920929
122 91 -0.800000011920929
122 92 -0.800000011920929
122 93 -0.800000011920929
122 94 -0.800000011920929
122 95 -0.800000011920929
122 96 -0.800000011920929
122 97 -0.800000011920929
122 98 -0.800000011920929
122 99 -0.800000011920929
122 100 -0.800000011920929
122 101 -0.800000011920929
122 102 -0.800000011920929
122 103 -0.800000011920929
122 104 -0.800000011920929
122 105 -0.800000011920929
122 106 -0.800000011920929
122 107 -0.800000011920929
122 108 -0.800000011920929
122 109 -0.800000011920929
122 110 -0.800000011920929
122 111 -0.800000011920929
122 112 -0.800000011920929
122 113 -0.800000011920929
122 114 -0.800000011920929
122 115 -0.800000011920929
122 116 -0.800000011920929
122 117 -0.800000011920929
122 118 -0.800000011920929
122 119 -0.800000011920929
122 120 -0.800000011920929
122 121 -0.800000011920929
122 122 -0.800000011920929
122 123 -0.800000011920929
122 124 -0.800000011920929
122 125 -0.7293357849121094
122 126 -0.486137717962265
122 127 -0.24304285645484924
123 0 0.0
123 1 0.20166437327861786
123 2 0.40341800451278687
123 3 0.6053444147109985
123 4 0.800000011920929
123 5 0.800000011920929
123 6 0.800000011920929
123 7 0.800000011920929
123 8 0.800000011920929
123 9 0.800000011920929
123 10 0.800000011920929
123 11 0.800000011920929
123 12 0.800000011920929
123 13 0.800000011920929
123 14 0.800000011920929
123 15 0.800000011920929
123 16 0.800000011920929
123 17 0.800000011920929
123 18 0.800000011920929
123 19 0.800000011920929
123 20 0.800000011920929
123 21 0.800000011920929
123 22 0.800000011920929
123 23 0.800000011920929
123 24 0.800000011920929
123 25 0.800000011920929
123 26 0.800000011920929
123 27 0.800000011920929
123 28 0.800000011920929
123 29 0.800000011920929
123 30 0.800000011920929
123 31 0.800000011920929
123 32 0.800000011920929
123 33 0.800000011920929
123 34 0.800000011920929
123 35 0.800000011920929
123 36 0.800000011920929
123 37 0.800000011920929
123 38 0.800000011920929
123 39 0.800000011920929
123 40 0.800000011920929
123 41 0.800000011920929
123 42 0.800000011920929
123 43 0.800000011920929
123 44 0.800000011920929
123 45 0.800000011920929
123 46 0.800000011920929
123 47 0.800000011920929
123 48 0.800000011920929
123 49 0.800000011920929
123 50 0.800000011920929
123 51 0.800000011920929
123 52 0.800000011920929
123 53 0.800000011920929
123 54 0.800000011920929
123 55 0.800000011920929
123 56 0.800000011920929
123 57 0.800000011920929
123 58 0.800000011920929
123 59 0.800000011920929
123 60 0.800000011920929
123 61 0.800000011920929
123 62 0.720439076423645
123 63 0.36094069480895996
123 64 -6.432534860323358e-07
123 65 -0.36094194650650024
123 66 -0.7204403877258301
123 67 -0.800000011920929
123 68 -0.800000011920929
123 69 -0.800000011920929
123 70 -0.800000011920929
123 71 -0.800000011920929
123 72 -0.800000011920929
123 73 -0.800000011920929
123 74 -0.800000011920929
123 75 -0.800000011920929
123 76 -0.800000011920929
123 77 -0.800000011920929
123 78 -0.800000011920929
123 79 -0.800000011920929
123 80 -0.800000011920929
123 81 -0.800000011920929
123 82 -0.800000011920929
123 83 -0.800000011920929
123 84 -0.800000011920929
123 85 -0.800000011920929
123 86 -0.800000011920929
123 87 -0.800000011920929
123 88 -0.800000011920929
123 89 -0.800000011920929
123 90 -0.800000011920929
123 91 -0.800000011920929
123 92 -0.800000011920929
123 93 -0.800000011920929
123 94 -0.800000011920929
123 95 -0.800000011920929
123 96 -0.800000011920929
123 97 -0.800000011920929
123 98 -0.800000011920929
123 99 -0.800000011920929
123 100 -0.800000011920929
123 101 -0.800000011920929
123 102 -0.800000011920929
123 103 -0.800000011920929
123 104 -0.800000011920929
123 105 -0.800000011920929
123 106 -0.800000011920929
123 107 -0.800000011920929
123 108 -0.800000011920929
123 109 -0.800000011920929
123 110 -0.800000011920929
123 111 -0.800000011920929
123 112 -0.800000011920929
123 113 -0.800000011920929
123 114 -0.800000011920929
123 115 -0.800000011920929
123 116 -0.800000011920929
123 117 -0.800000011920929
123 118 -0.800000011920929
123 119 -0.800000011920929
123 120 -0.800000011920929
123 121 -0.800000011920929
123 122 -0.800000011920929
123 123 -0.800000011920929
123 124 -0.800000011920929
123 125 -0.6053435206413269
123 126 -0.4034164547920227
123 127 -0.20166422426700592
124 0 0.0
124 1 0.16063670814037323
124 2 0.3213755190372467
124 3 0.48231351375579834
124 4 0.6435381770133972
124 5 0.800000011920929
124 6 0.800000011920929
124 7 0.800000011920929
124 8 0.800000011920929
124 9 0.800000011920929
124 10 0.800000011920929
124 11 0.800000011920929
124 12 0.800000011920929
124 13 0.800000011920929
124 14 0.800000011920929
124 15 0.800000011920929
124 16 0.800000011920929
124 17 0.800000011920929
124 18 0.800000011920929
124 19 0.800000011920929
124 20 0.800000011920929
124 21 0.800000011920929
124 22 0.800000011920929
124 23 0.800000011920929
124 24 0.800000011920929
124 25 0.800000011920929
124 26 0.800000011920929
124 27 0.800000011920929
124 28 0.800000011920929
124 29 0.800000011920929
124 30 0.800000011920929
124 31 0.800000011920929
124 32 0.800000011920929
124 33 0.800000011920929
124 34 0.800000011920929
124 35 0.800000011920929
124 36 0.800000011920929
124 37 0.800000011920929
124 38 0.800000011920929
124 39 0.800000011920929
124 40 0.800000011920929
124 41 0.800000011920929
124 42 0.800000011920929
124 43 0.800000011920929
124 44 0.800000011920929
124 45 0.800000011920929
124 46 0.800000011920929
124 47 0.800000011920929
124 48 0.800000011920929
124 49 0.800000011920929
124 50 0.800000011920929
124 51 0.800000011920929
124 52 0.800000011920929
124 53 0.800000011920929
124 54 0.800000011920929
124 55 0.800000011920929
124 56 0.800000011920929
124 57 0.800000011920929
124 58 0.800000011920929
124 59 0.800000011920929
124 60 0.800000011920929
124 61 0.800000011920929
124 62 0.5909796357154846
124 63 0.2960900664329529
124 64 -5.276845627122384e-07
124 65 -0.29609110951423645
124 66 -0.5909807682037354
124 67 -0.800000011920929
124 68 -0.800000011920929
124 69 -0.800000011920929
124 70 -0.800000011920929
124 71 -0.800000011920929
124 72 -0.800000011920929
124 73 -0.800000011920929
124 74 -0.800000011920929
124 75 -0.800000011920929
124 76 -0.800000011920929
124 77 -0.800000011920929
124 78 -0.800000011920929
124 79 -0.800000011920929
124 80 -0.800000011920929
124 81 -0.800000011920929
124 82 -0.800000011920929
124 83 -0.800000011920929
124 84 -0.800000011920929
124 85 -0.800000011920929
124 86 -0.800000011920929
124 87 -0.800000011920929
124 88 -0.800000011920929
124 89 -0.800000011920929
124 90 -0.800000011920929
124 91 -0.800000011920929
124 92 -0.800000011920929
124 93 -0.800000011920929
124 94 -0.800000011920929
124 95 -0.800000011920929
124 96 -0.800000011920929
124 97 -0.800000011920929
124 98 -0.800000011920929
124 99 -0.800000011920929
124 100 -0.800000011920929
124 101 -0.800000011920929
124 102 -0.800000011920929
124 103 -0.800000011920929
124 104 -0.800000011920929
124 105 -0.800000011920929
124 106 -0.800000011920929
124 107 -0.800000011920929
124 108 -0.800000011920929
124 109 -0.800000011920929
124 110 -0.800000011920929
124 111 -0.800000011920929
124 112 -0.800000011920929
124 113 -0.800000011920929
124 114 -0.800000011920929
124 115 -0.800000011920929
124 116 -0.800000011920929
124 117 -0.800000011920929
124 118 -0.800000011920929
124 119 -0.800000011920929
124 120 -0.800000011920929
124 121 -0.800000011920929
124 122 -0.800000011920929
124 123 -0.800000011920929
124 124 -0.6435377597808838
124 125 -0.48231279850006104
124 126 -0.3213742971420288
124 127 -0.16063660383224487
125 0 0.0
125 1 0.12001247704029083
125 2 0.24012011289596558
125 3 0.3604140877723694
125 4 0.4809778928756714
125 5 0.6018834114074707
125 6 0.723186731338501
125 7 0.800000011920929
125 8 0.800000011920929
125 9 0.800000011920929
125 10 0.800000011920929
125 11 0.800000011920929
125 12 0.800000011920929
125 13 0.800000011920929
125 14 0.800000011920929
125 15 0.800000011920929
125 16 0.800000011920929
125 17 0.800000011920929
125 18 0.800000011920929
125 19 0.800000011920929
125 20 0.800000011920929
125 21 0.800000011920929
125 22 0.800000011920929
125 23 0.800000011920929
125 24 0.800000011920929
125 25 0.800000011920929
125 26 0.800000011920929
125 27 0.800000011920929
125 28 0.800000011920929
125 29 0.800000011920929
125 30 0.800000011920929
125 31 0.800000011920929
125 32 0.800000011920929
125 33 0.800000011920929
125 34 0.800000011920929
125 35 0.800000011920929
125 36 0.800000011920929
125 37 0.800000011920929
125 38 0.800000011920929
125 39 0.800000011920929
125 40 0.800000011920929
125 41 0.800000011920929
125 42 0.800000011920929
125 43 0.800000011920929
125 44 0.800000011920929
125 45 0.800000011920929
125 46 0.800000011920929
125 47 0.800000011920929
125 48 0.800000011920929
125 49 0.800000011920929
125 50 0.800000011920929
125 51 0.800000011920929
125 52 0.800000011920929
125 53 0.800000011920929
125 54 0.800000011920929
125 55 0.800000011920929
125 56 0.800000011920929
125 57 0.800000011920929
125 58 0.800000011920929
125 59 0.800000011920929
125 60 0.800000011920929
125 61 0.6756009459495544
125 62 0.451946496963501
125 63 0.22643740475177765
125 64 -4.03554338390677e-07
125 65 -0.22643820941448212
125 66 -0.45194733142852783
125 67 -0.6756017208099365
125 68 -0.800000011920929
125 69 -0.800000011920929
125 70 -0.800000011920929
125 71 -0.800000011920929
125 72 -0.800000011920929
125 73 -0.800000011920929
125 74 -0.800000011920929
125 75 -0.800000011920929
125 76 -0.800000011920929
125 77 -0.800000011920929
125 78 -0.800000011920929
125 79 -0.800000011920929
125 80 -0.800000011920929
125 81 -0.800000011920929
125 82 -0.800000011920929
125 83 -0.800000011920929
125 84 -0.800000011920929
125 85 -0.800000011920929
125 86 -0.800000011920929
125 87 -0.800000011920929
125 88 -0.800000011920929
125 89 -0.800000011920929
125 90 -0.800000011920929
125 91 -0.800000011920929
125 92 -0.800000011920929
125 93 -0.800000011920929
125 94 -0.800000011920929
125 95 -0.800000011920929
125 96 -0.800000011920929
125 97 -0.800000011920929
125 98 -0.800000011920929
125 99 -0.800000011920929
125 100 -0.800000011920929
125 101 -0.800000011920929
125 102 -0.800000011920929
125 103 -0.800000011920929
125 104 -0.800000011920929
125 105 -0.800000011920929
125 106 -0.800000011920929
125 107 -0.800000011920929
125 108 -0.800000011920929
125 109 -0.800000011920929
125 110 -0.800000011920929
125 111 -0.800000011920929
125 112 -0.800000011920929
125 113 -0.800000011920929
125 114 -0.800000011920929
125 115 -0.800000011920929
125 116 -0.800000011920929
125 117 -0.800000011920929
125 118 -0.800000011920929
125 119 -0.800000011920929
125 120 -0.800000011920929
125 121 -0.800000011920929
125 122 -0.7231860160827637
125 123 -0.6018834114074707
125 124 -0.4809776544570923
125 125 -0.3604135513305664
125 126 -0.24011918902397156
125 127 -0.12001240253448486
126 0 0.0
126 1 0.0797649472951889
126 2 0.15960241854190826
126 3 0.23958221077919006
126 4 0.3197687864303589
126 5 0.4002184271812439
126 6 0.48097679018974304
126 7 0.5620768666267395
126 8 0.6435360908508301
126 9 0.7253541946411133
126 10 0.800000011920929
126 11 0.800000011920929
126 12 0.800000011920929
126 13 0.800000011920929
126 14 0.800000011920929
126 15 0.800000011920929
126 16 0.800000011920929
126 17 0.800000011920929
126 18 0.800000011920929
126 19 0.800000011920929
126 20 0.800000011920929
126 21 0.800000011920929
126 22 0.800000011920929
126 23 0.800000011920929
126 24 0.800000011920929
126 25 0.800000011920929
126 26 0.800000011920929
126 27 0.800000011920929
126 28 0.800000011920929
126 29 0.800000011920929
126 30 0.800000011920929
126 31 0.800000011920929
126 32 0.800000011920929
126 33 0.800000011920929
126 34 0.800000011920929
126 35 0.800000011920929
126 36 0.800000011920929
126 37 0.800000011920929
126 38 0.800000011920929
126 39 0.800000011920929
126 40 0.800000011920929
126 41 0.800000011920929
126 42 0.800000011920929
126 43 0.800000011920929
126 44 0.800000011920929
126 45 0.800000011920929
126 46 0.800000011920929
126 47 0.800000011920929
126 48 0.800000011920929
126 49 0.800000011920929
126 50 0.800000011920929
126 51 0.800000011920929
126 52 0.800000011920929
126 53 0.800000011920929
126 54 0.800000011920929
126 55 0.800000011920929
126 56 0.800000011920929
126 57 0.800000011920929
126 58 0.800000011920929
126 59 0.752776563167572
126 60 0.6059783697128296
126 61 0.45668622851371765
126 62 0.30551066994667053
126 63 0.1530715674161911
126 64 -2.728039589783293e-07
126 65 -0.15307210385799408
126 66 -0.3055112361907959
126 67 -0.45668676495552063
126 68 -0.6059789657592773
126 69 -0.752777099609375
126 70 -0.800000011920929
126 71 -0.800000011920929
126 72 -0.800000011920929
126 73 -0.800000011920929
126 74 -0.800000011920929
126 75 -0.800000011920929
126 76 -0.800000011920929
126 77 -0.800000011920929
126 78 -0.800000011920929
126 79 -0.800000011920929
126 80 -0.800000011920929
126 81 -0.800000011920929
126 82 -0.800000011920929
126 83 -0.800000011920929
126 84 -0.800000011920929
126 85 -0.800000011920929
126 86 -0.800000011920929
126 87 -0.800000011920929
126 88 -0.800000011920929
126 89 -0.800000011920929
126 90 -0.800000011920929
126 91 -0.800000011920929
126 92 -0.800000011920929
126 93 -0.800000011920929
126 94 -0.800000011920929
126 95 -0.800000011920929
126 96 -0.800000011920929
126 97 -0.800000011920929
126 98 -0.800000011920929
126 99 -0.800000011920929
126 100 -0.800000011920929
126 101 -0.800000011920929
126 102 -0.800000011920929
126 103 -0.800000011920929
126 104 -0.800000011920929
126 105 -0.800000011920929
126 106 -0.800000011920929
126 107 -0.800000011920929
126 108 -0.800000011920929
126 109 -0.800000011920929
126 110 -0.800000011920929
126 111 -0.800000011920929
126 112 -0.800000011920929
126 113 -0.800000011920929
126 114 -0.800000011920929
126 115 -0.800000011920929
126 116 -0.800000011920929
126 117 -0.800000011920929
126 118 -0.800000011920929
126 119 -0.7253536581993103
126 120 -0.6435359716415405
126 121 -0.5620766282081604
126 122 -0.48097631335258484
126 123 -0.4002184569835663
126 124 -0.3197685778141022
126 125 -0.23958183825016022
126 126 -0.15960180759429932
126 127 -0.07976488769054413
127 0 0.0
127 1 0.039805203676223755
127 2 0.07964944839477539
127 3 0.11957038193941116
127 4 0.15960291028022766
127 5 0.1997777819633484
127 6 0.2401202917098999
127 7 0.28064924478530884
127 8 0.32137542963027954
127 9 0.3623008131980896
127 10 0.4034176766872406
127 11 0.4447072744369507
127 12 0.4861396849155426
127 13 0.5276728868484497
127 14 0.5692522525787354
127 15 0.6108105182647705
127 16 0.6522672176361084
127 17 0.6935293674468994
127 18 0.7344907522201538
127 19 0.7750329971313477
127 20 0.800000011920929
127 21 0.800000011920929
127 22 0.800000011920929
127 23 0.800000011920929
127 24 0.800000011920929
127 25 0.800000011920929
127 26 0.800000011920929
127 27 0.800000011920929
127 28 0.800000011920929
127 29 0.800000011920929
127 30 0.800000011920929
127 31 0.800000011920929
127 32 0.800000011920929
127 33 0.800000011920929
127 34 0.800000011920929
127 35 0.800000011920929
127 36 0.800000011920929
127 37 0.800000011920929
127 38 0.800000011920929
127 39 0.800000011920929
127 40 0.800000011920929
127 41 0.800000011920929
127 42 0.800000011920929
127 43 0.800000011920929
127 44 0.800000011920929
127 45 0.800000011920929
127 46 0.800000011920929
127 47 0.800000011920929
127 48 0.800000011920929
127 49 0.800000011920929
127 50 0.800000011920929
127 51 0.800000011920929
127 52 0.800000011920929
127 53 0.7809646129608154
127 54 0.7204386591911316
127 55 0.6570327877998352
127 56 0.5909795761108398
127 57 0.5225294828414917
127 58 0.4519471228122711
127 59 0.37951087951660156
127 60 0.3055117130279541
127 61 0.23024936020374298
127 62 0.15403303503990173
127 63 0.07717670500278473
127 64 -1.3754467431681405e-07
127 65 -0.07717697322368622
127 66 -0.15403331816196442
127 67 -0.23024962842464447
127 68 -0.305512011051178
127 69 -0.37951111793518066
127 70 -0.4519473910331726
127 71 -0.522529661655426
127 72 -0.590979814529419
127 73 -0.6570330262184143
127 74 -0.7204388380050659
127 75 -0.780964732170105
127 76 -0.800000011920929
127 77 -0.800000011920929
127 78 -0.800000011920929
127 79 -0.800000011920929
127 80 -0.800000011920929
127 81 -0.800000011920929
127 82 -0.800000011920929
127 83 -0.800000011920929
127 84 -0.800000011920929
127 85 -0.800000011920929
127 86 -0.800000011920929
127 87 -0.800000011920929
127 88 -0.800000011920929
127 89 -0.800000011920929
127 90 -0.800000011920929
127 91 -0.800000011920929
127 92 -0.800000011920929
127 93 -0.800000011920929
127 94 -0.800000011920929
127 95 -0.800000011920929
127 96 -0.800000011920929
127 97 -0.800000011920929
127 98 -0.800000011920929
127 99 -0.800000011920929
127 100 -0.800000011920929
127 101 -0.800000011920929
127 102 -0.800000011920929
127 103 -0.800000011920929
127 104 -0.800000011920929
127 105 -0.800000011920929
127 106 -0.800000011920929
127 107 -0.800000011920929
127 108 -0.800000011920929
127 109 -0.7750329971313477
127 110 -0.734490692615509
127 111 -0.6935291886329651
127 112 -0.6522669196128845
127 113 -0.6108105182647705
127 114 -0.5692520141601562
127 115 -0.5276726484298706
127 116 -0.48613977432250977
127 117 -0.4447072744369507
127 118 -0.4034174978733063
127 119 -0.3623005151748657
127 120 -0.32137542963027954
127 121 -0.2806491255760193
127 122 -0.2401200532913208
127 123 -0.19977781176567078
127 124 -0.1596028208732605
127 125 -0.11957019567489624
127 126 -0.07964914292097092
127 127 -0.03980517387390137
128 0 0.0
128 1 -1.416886874494594e-07
128 2 -2.835197676631651e-07
128 3 -4.25630616973649e-07
128 4 -5.681488346453989e-07
128 5 -7.111869990694686e-07
128 6 -8.548381060791144e-07
128 7 -9.991720162361162e-07
128 8 -1.1442298273323104e-06
128 9 -1.2900206911581336e-06
128 10 -1.4365189144882606e-06
128 11 -1.5836599231988657e-06
128 12 -1.731338670651894e-06
128 13 -1.8794056586557417e-06
128 14 -2.0276681880204706e-06
128 15 -2.1758862658316502e-06
128 16 -2.32377351494506e-06
128 17 -2.4709988792892545e-06
128 18 -2.6171821900788927e-06
128 19 -2.7619012143986765e-06
128 20 -2.904689608840272e-06
128 21 -3.045039647986414e-06
128 22 -3.1824067718844162e-06
128 23 -3.3162100407935213e-06
128 24 -3.4458400932635413e-06
128 25 -3.570658691387507e-06
128 26 -3.6900059967592824e-06
128 27 -3.803205800068099e-06
128 28 -3.9095693864510395e-06
128 29 -4.008403266198002e-06
128 30 -4.099013494851533e-06
128 31 -4.180711584922392e-06
128 32 -4.25282178184716e-06
128 33 -4.314686520956457e-06
128 34 -4.365672793937847e-06
128 35 -4.4051794247934595e-06
128 36 -4.432640707818791e-06
128 37 -4.447534593055025e-06
128 38 -4.449387688509887e-06
128 39 -4.437779807631159e-06
128 40 -4.412349881022237e-06
128 41 -4.3728005039156415e-06
128 42 -4.318901119404472e-06
128 43 -4.250494384905323e-06
128 44 -4.167494353168877e-06
128 45 -4.069895567226922e-06
128 46 -3.9577689676661976e-06
128 47 -3.831267349596601e-06
128 48 -3.690624453156488e-06
128 49 -3.5361545087653212e-06
128 50 -3.3682549656077754e-06
128 51 -3.187399670423474e-06
128 52 -2.9941436423541745e-06
128 53 -2.789114660117775e-06
128 54 -2.5730130346346414e-06
128 55 -2.3466104721592274e-06
128 56 -2.110738478222629e-06
128 57 -1.8662926777324174e-06
128 58 -1.6142199683599756e-06
128 59 -1.3555152236222057e-06
128 60 -1.0912199286394753e-06
128 61 -8.224056955441483e-07
128 62 -5.501788109540939e-07
128 63 -2.7566244398258277e-07
128 64 4.912873493440051e-13
128 65 2.756634103207034e-07
128 66 5.501798341356334e-07
128 67 8.224066050388501e-07
128 68 1.091220838134177e-06
128 69 1.3555161331169074e-06
128 70 1.6142208778546774e-06
128 71 1.8662934735402814e-06
128 72 2.1107391603436554e-06
128 73 2.346611381653929e-06
128 74 2.573013944129343e-06
128 75 2.7891153422388015e-06
128 76 2.994144324475201e-06
128 77 3.187400125170825e-06
128 78 3.3682556477288017e-06
128 79 3.5361551908863476e-06
128 80 3.690624907903839e-06
128 81 3.831267804343952e-06
128 82 3.9577694224135485e-06
128 83 4.069896021974273e-06
128 84 4.167494807916228e-06
128 85 4.2504939301579725e-06
128 86 4.318901574151823e-06
128 87 4.3728005039156415e-06
128 88 4.412349881022237e-06
128 89 4.437779807631159e-06
128 90 4.449387233762536e-06
128 91 4.447534593055025e-06
128 92 4.432640707818791e-06
128 93 4.405178970046109e-06
128 94 4.365672339190496e-06
128 95 4.314686066209106e-06
128 96 4.25282178184716e-06
128 97 4.180711584922392e-06
128 98 4.0990130401041824e-06
128 99 4.008403266198002e-06
128 100 3.9095693864510395e-06
128 101 3.8032048905733973e-06
128 102 3.6900050872645807e-06
128 103 3.570658691387507e-06
128 104 3.4458396385161905e-06
128 105 3.316209813419846e-06
128 106 3.1824065445107408e-06
128 107 3.045039193239063e-06
128 108 2.90468869934557e-06
128 109 2.761901441772352e-06
128 110 2.6171821900788927e-06
128 111 2.4709981971682282e-06
128 112 2.3237726054503582e-06
128 113 2.1758862658316502e-06
128 114 2.0276675058994442e-06
128 115 1.8794048628478777e-06
128 116 1.7313387843387318e-06
128 117 1.5836596958251903e-06
128 118 1.4365182323672343e-06
128 119 1.2900195542897563e-06
128 120 1.144229599958635e-06
128 121 9.991715614887653e-07
128 122 8.548372534278315e-07
128 123 7.111869990694686e-07
128 124 5.681484935848857e-07
128 125 4.256299632743321e-07
128 126 2.835186592164973e-07
128 127 1.416885879734764e-07
129 0 0.0
129 1 -0.039805494248867035
129 2 -0.07965002954006195
129 3 -0.119571253657341
129 4 -0.1596040576696396
129 5 -0.19977924227714539
129 6 -0.2401220202445984
129 7 -0.2806512713432312
129 8 -0.3213777542114258
129 9 -0.3623034656047821
129 10 -0.4034205973148346
129 11 -0.44471049308776855
129 12 -0.48614320158958435
129 13 -0.5276766419410706
129 14 -0.5692563652992249
129 15 -0.6108148694038391
129 16 -0.6522718667984009
129 17 -0.6935344338417053
129 18 -0.734495997428894
129 19 -0.7750385403633118
129 20 -0.800000011920929
129 21 -0.800000011920929
129 22 -0.800000011920929
129 23 -0.800000011920929
129 24 -0.800000011920929
129 25 -0.800000011920929
129 26 -0.800000011920929
129 27 -0.800000011920929
129 28 -0.800000011920929
129 29 -0.800000011920929
129 30 -0.800000011920929
129 31 -0.800000011920929
129 32 -0.800000011920929
129 33 -0.800000011920929
129 34 -0.800000011920929
129 35 -0.800000011920929
129 36 -0.800000011920929
129 37 -0.800000011920929
129 38 -0.800000011920929
129 39 -0.800000011920929
129 40 -0.800000011920929
129 41 -0.800000011920929
129 42 -0.800000011920929
129 43 -0.800000011920929
129 44 -0.800000011920929
129 45 -0.800000011920929
129 46 -0.800000011920929
129 47 -0.800000011920929
129 48 -0.800000011920929
129 49 -0.800000011920929
129 50 -0.800000011920929
129 51 -0.800000011920929
129 52 -0.800000011920929
129 53 -0.7809702157974243
129 54 -0.720443844795227
129 55 -0.6570374965667725
129 56 -0.5909837484359741
129 57 -0.5225331783294678
129 58 -0.4519503712654114
129 59 -0.37951359152793884
129 60 -0.3055139183998108
129 61 -0.2302510142326355
129 62 -0.15403413772583008
129 63 -0.0771772563457489
129 64 1.375456548657894e-07
129 65 0.07717752456665039
129 66 0.15403443574905396
129 67 0.230251282453537
129 68 0.3055141866207123
129 69 0.37951385974884033
129 70 0.45195063948631287
129 71 0.5225334167480469
129 72 0.590984046459198
129 73 0.6570377349853516
129 74 0.7204440832138062
129 75 0.7809703350067139
129 76 0.800000011920929
129 77 0.800000011920929
129 78 0.800000011920929
129 79 0.800000011920929
129 80 0.800000011920929
129 81 0.800000011920929
129 82 0.800000011920929
129 83 0.800000011920929
129 84 0.800000011920929
129 85 0.800000011920929
129 86 0.800000011920929
129 87 0.800000011920929
129 88 0.800000011920929
129 89 0.800000011920929
129 90 0.800000011920929
129 91 0.800000011920929
129 92 0.800000011920929
129 93 0.800000011920929
129 94 0.800000011920929
129 95 0.800000011920929
129 96 0.800000011920929
129 97 0.800000011920929
129 98 0.800000011920929
129 99 0.800000011920929
129 100 0.800000011920929
129 101 0.800000011920929
129 102 0.800000011920929
129 103 0.800000011920929
129 104 0.800000011920929
129 105 0.800000011920929
129 106 0.800000011920929
129 107 0.800000011920929
129 108 0.800000011920929
129 109 0.7750385403633118
129 110 0.734495997428894
129 111 0.6935341358184814
129 112 0.6522716283798218
129 113 0.6108148694038391
129 114 0.5692561864852905
129 115 0.5276764631271362
129 116 0.4861432909965515
129 117 0.44471049308776855
129 118 0.4034203588962555
129 119 0.36230313777923584
129 120 0.3213777542114258
129 121 0.28065115213394165
129 122 0.24012181162834167
129 123 0.19977924227714539
129 124 0.15960398316383362
129 125 0.11957107484340668
129 126 0.07964971661567688
129 127 0.03980546072125435
130 0 0.0
130 1 -0.07976523041725159
130 2 -0.15960299968719482
130 3 -0.2395830750465393
130 4 -0.3197699189186096
130 5 -0.4002198576927185
130 6 -0.4809785485267639
130 7 -0.5620788335800171
130 8 -0.6435383558273315
130 9 -0.7253568172454834
130 10 -0.800000011920929
130 11 -0.800000011920929
130 12 -0.800000011920929
130 13 -0.800000011920929
130 14 -0.800000011920929
130 15 -0.800000011920929
130 16 -0.800000011920929
130 17 -0.800000011920929
130 18 -0.800000011920929
130 19 -0.800000011920929
130 20 -0.800000011920929
130 21 -0.800000011920929
130 22 -0.800000011920929
130 23 -0.800000011920929
130 24 -0.800000011920929
130 25 -0.800000011920929
130 26 -0.800000011920929
130 27 -0.800000011920929
130 28 -0.800000011920929
130 29 -0.800000011920929
130 30 -0.800000011920929
130 31 -0.800000011920929
130 32 -0.800000011920929
130 33 -0.800000011920929
130 34 -0.800000011920929
130 35 -0.800000011920929
130 36 -0.800000011920929
130 37 -0.800000011920929
130 38 -0.800000011920929
130 39 -0.800000011920929
130 40 -0.800000011920929
130 41 -0.800000011920929
130 42 -0.800000011920929
130 43 -0.800000011920929
130 44 -0.800000011920929
130 45 -0.800000011920929
130 46 -0.800000011920929
130 47 -0.800000011920929
130 48 -0.800000011920929
130 49 -0.800000011920929
130 50 -0.800000011920929
130 51 -0.800000011920929
130 52 -0.800000011920929
130 53 -0.800000011920929
130 54 -0.800000011920929
130 55 -0.800000011920929
130 56 -0.800000011920929
130 57 -0.800000011920929
130 58 -0.800000011920929
130 59 -0.7527791857719421
130 60 -0.6059805154800415
130 61 -0.4566878378391266
130 62 -0.3055117130279541
130 63 -0.15307208895683289
130 64 2.7280492531644995e-07
130 65 0.15307262539863586
130 66 0.30551227927207947
130 67 0.4566883444786072
130 68 0.6059809923171997
130 69 0.7527797222137451
130 70 0.800000011920929
130 71 0.800000011920929
130 72 0.800000011920929
130 73 0.800000011920929
130 74 0.800000011920929
130 75 0.800000011920929
130 76 0.800000011920929
130 77 0.800000011920929
130 78 0.800000011920929
130 79 0.800000011920929
130 80 0.800000011920929
130 81 0.800000011920929
130 82 0.800000011920929
130 83 0.800000011920929
130 84 0.800000011920929
130 85 0.800000011920929
130 86 0.800000011920929
130 87 0.800000011920929
130 88 0.800000011920929
130 89 0.800000011920929
130 90 0.800000011920929
130 91 0.800000011920929
130 92 0.800000011920929
130 93 0.800000011920929
130 94 0.800000011920929
130 95 0.800000011920929
130 96 0.800000011920929
130 97 0.800000011920929
130 98 0.800000011920929
130 99 0.800000011920929
130 100 0.800000011920929
130 101 0.800000011920929
130 102 0.800000011920929
130 103 0.800000011920929
130 104 0.800000011920929
130 105 0.800000011920929
130 106 0.800000011920929
130 107 0.800000011920929
130 108 0.800000011920929
130 109 0.800000011920929
130 110 0.800000011920929
130 111 0.800000011920929
130 112 0.800000011920929
130 113 0.800000011920929
130 114 0.800000011920929
130 115 0.800000011920929
130 116 0.800000011920929
130 117 0.800000011920929
130 118 0.800000011920929
130 119 0.7253562211990356
130 120 0.643538236618042
130 121 0.562078595161438
130 122 0.4809780716896057
130 123 0.4002199172973633
130 124 0.3197697401046753
130 125 0.23958268761634827
130 126 0.15960237383842468
130 127 0.07976517081260681
131 0 0.0
131 1 -0.12001276761293411
131 2 -0.24012067914009094
131 3 -0.36041492223739624
131 4 -0.4809790849685669
131 5 -0.6018848419189453
131 6 -0.7231884598731995
131 7 -0.800000011920929
131 8 -0.800000011920929
131 9 -0.800000011920929
131 10 -0.800000011920929
131 11 -0.800000011920929
131 12 -0.800000011920929
131 13 -0.800000011920929
131 14 -0.800000011920929
131 15 -0.800000011920929
131 16 -0.800000011920929
131 17 -0.800000011920929
131 18 -0.800000011920929
131 19 -0.800000011920929
131 20 -0.800000011920929
131 21 -0.800000011920929
131 22 -0.800000011920929
131 23 -0.800000011920929
131 24 -0.800000011920929
131 25 -0.800000011920929
131 26 -0.800000011920929
131 27 -0.800000011920929
131 28 -0.800000011920929
131 29 -0.800000011920929
131 30 -0.800000011920929
131 31 -0.800000011920929
131 32 -0.800000011920929
131 33 -0.800000011920929
131 34 -0.800000011920929
131 35 -0.800000011920929
131 36 -0.800000011920929
131 37 -0.800000011920929
131 38 -0.800000011920929
131 39 -0.800000011920929
131 40 -0.800000011920929
131 41 -0.800000011920929
131 42 -0.800000011920929
131 43 -0.800000011920929
131 44 -0.800000011920929
131 45 -0.800000011920929
131 46 -0.800000011920929
131 47 -0.800000011920929
131 48 -0.800000011920929
131 49 -0.800000011920929
131 50 -0.800000011920929
131 51 -0.800000011920929
131 52 -0.800000011920929
131 53 -0.800000011920929
131 54 -0.800000011920929
131 55 -0.800000011920929
131 56 -0.800000011920929
131 57 -0.800000011920929
131 58 -0.800000011920929
131 59 -0.800000011920929
131 60 -0.800000011920929
131 61 -0.6756024360656738
131 62 -0.45194754004478455
131 63 -0.22643792629241943
131 64 4.035552478853788e-07
131 65 0.2264387160539627
131 66 0.451948344707489
131 67 0.6756032109260559
131 68 0.800000011920929
131 69 0.800000011920929
131 70 0.800000011920929
131 71 0.800000011920929
131 72 0.800000011920929
131 73 0.800000011920929
131 74 0.800000011920929
131 75 0.800000011920929
131 76 0.800000011920929
131 77 0.800000011920929
131 78 0.800000011920929
131 79 0.800000011920929
131 80 0.800000011920929
131 81 0.800000011920929
131 82 0.800000011920929
131 83 0.800000011920929
131 84 0.800000011920929
131 85 0.800000011920929
131 86 0.800000011920929
131 87 0.800000011920929
131 88 0.800000011920929
131 89 0.800000011920929
131 90 0.800000011920929
131 91 0.800000011920929
131 92 0.800000011920929
131 93 0.800000011920929
131 94 0.800000011920929
131 95 0.800000011920929
131 96 0.800000011920929
131 97 0.800000011920929
131 98 0.800000011920929
131 99 0.800000011920929
131 100 0.800000011920929
131 101 0.800000011920929
131 102 0.800000011920929
131 103 0.800000011920929
131 104 0.800000011920929
131 105 0.800000011920929
131 106 0.800000011920929
131 107 0.800000011920929
131 108 0.800000011920929
131 109 0.800000011920929
131 110 0.800000011920929
131 111 0.800000011920929
131 112 0.800000011920929
131 113 0.800000011920929
131 114 0.800000011920929
131 115 0.800000011920929
131 116 0.800000011920929
131 117 0.800000011920929
131 118 0.800000011920929
131 119 0.800000011920929
131 120 0.800000011920929
131 121 0.800000011920929
131 122 0.7231878042221069
131 123 0.6018848419189453
131 124 0.4809788167476654
131 125 0.36041441559791565
131 126 0.24011977016925812
131 127 0.12001267075538635
132 0 0.0
132 1 -0.1606369912624359
132 2 -0.32137608528137207
132 3 -0.4823143780231476
132 4 -0.643539309501648
132 5 -0.800000011920929
132 6 -0.800000011920929
132 7 -0.800000011920929
132 8 -0.800000011920929
132 9 -0.800000011920929
132 10 -0.800000011920929
132 11 -0.800000011920929
132 12 -0.800000011920929
132 13 -0.800000011920929
132 14 -0.800000011920929
132 15 -0.800000011920929
132 16 -0.800000011920929
132 17 -0.800000011920929
132 18 -0.800000011920929
132 19 -0.800000011920929
132 20 -0.800000011920929
132 21 -0.800000011920929
132 22 -0.800000011920929
132 23 -0.800000011920929
132 24 -0.800000011920929
132 25 -0.800000011920929
132 26 -0.800000011920929
132 27 -0.800000011920929
132 28 -0.800000011920929
132 29 -0.800000011920929
132 30 -0.800000011920929
132 31 -0.800000011920929
132 32 -0.800000011920929
132 33 -0.800000011920929
132 34 -0.800000011920929
132 35 -0.800000011920929
132 36 -0.800000011920929
132 37 -0.800000011920929
132 38 -0.800000011920929
132 39 -0.800000011920929
132 40 -0.800000011920929
132 41 -0.800000011920929
132 42 -0.800000011920929
132 43 -0.800000011920929
132 44 -0.800000011920929
132 45 -0.800000011920929
132 46 -0.800000011920929
132 47 -0.800000011920929
132 48 -0.800000011920929
132 49 -0.800000011920929
132 50 -0.800000011920929
132 51 -0.800000011920929
132 52 -0.800000011920929
132 53 -0.800000011920929
132 54 -0.800000011920929
132 55 -0.800000011920929
132 56 -0.800000011920929
132 57 -0.800000011920929
132 58 -0.800000011920929
132 59 -0.800000011920929
132 60 -0.800000011920929
132 61 -0.800000011920929
132 62 -0.590980589389801
132 63 -0.2960905432701111
132 64 5.276853585201025e-07
132 65 0.29609155654907227
132 66 0.590981662273407
132 67 0.800000011920929
132 68 0.800000011920929
132 69 0.800000011920929
132 70 0.800000011920929
132 71 0.800000011920929
132 72 0.800000011920929
132 73 0.800000011920929
132 74 0.800000011920929
132 75 0.800000011920929
132 76 0.800000011920929
132 77 0.800000011920929
132 78 0.800000011920929
132 79 0.800000011920929
132 80 0.800000011920929
132 81 0.800000011920929
132 82 0.800000011920929
132 83 0.800000011920929
132 84 0.800000011920929
132 85 0.800000011920929
132 86 0.800000011920929
132 87 0.800000011920929
132 88 0.800000011920929
132 89 0.800000011920929
132 90 0.800000011920929
132 91 0.800000011920929
132 92 0.800000011920929
132 93 0.800000011920929
132 94 0.800000011920929
132 95 0.800000011920929
132 96 0.800000011920929
132 97 0.800000011920929
132 98 0.800000011920929
132 99 0.800000011920929
132 100 0.800000011920929
132 101 0.800000011920929
132 102 0.800000011920929
132 103 0.800000011920929
132 104 0.800000011920929
132 105 0.800000011920929
132 106 0.800000011920929
132 107 0.800000011920929
132 108 0.800000011920929
132 109 0.800000011920929
132 110 0.800000011920929
132 111 0.800000011920929
132 112 0.800000011920929
132 113 0.800000011920929
132 114 0.800000011920929
132 115 0.800000011920929
132 116 0.800000011920929
132 117 0.800000011920929
132 118 0.800000011920929
132 119 0.800000011920929
132 120 0.800000011920929
132 121 0.800000011920929
132 122 0.800000011920929
132 123 0.800000011920929
132 124 0.6435388922691345
132 125 0.48231369256973267
132 126 0.3213748335838318
132 127 0.16063687205314636
133 0 0.0
133 1 -0.20166465640068054
133 2 -0.4034186005592346
133 3 -0.6053453683853149
133 4 -0.800000011920929
133 5 -0.800000011920929
133 6 -0.800000011920929
133 7 -0.800000011920929
133 8 -0.800000011920929
133 9 -0.800000011920929
133 10 -0.800000011920929
133 11 -0.800000011920929
133 12 -0.800000011920929
133 13 -0.800000011920929
133 14 -0.800000011920929
133 15 -0.800000011920929
133 16 -0.800000011920929
133 17 -0.800000011920929
133 18 -0.800000011920929
133 19 -0.800000011920929
133 20 -0.800000011920929
133 21 -0.800000011920929
133 22 -0.800000011920929
133 23 -0.800000011920929
133 24 -0.800000011920929
133 25 -0.800000011920929
133 26 -0.800000011920929
133 27 -0.800000011920929
133 28 -0.800000011920929
133 29 -0.800000011920929
133 30 -0.800000011920929
133 31 -0.800000011920929
133 32 -0.800000011920929
133 33 -0.800000011920929
133 34 -0.800000011920929
133 35 -0.800000011920929
133 36 -0.800000011920929
133 37 -0.800000011920929
133 38 -0.800000011920929
133 39 -0.800000011920929
133 40 -0.800000011920929
133 41 -0.800000011920929
133 42 -0.800000011920929
133 43 -0.800000011920929
133 44 -0.800000011920929
133 45 -0.800000011920929
133 46 -0.800000011920929
133 47 -0.800000011920929
133 48 -0.800000011920929
133 49 -0.800000011920929
133 50 -0.800000011920929
133 51 -0.800000011920929
133 52 -0.800000011920929
133 53 -0.800000011920929
133 54 -0.800000011920929
133 55 -0.800000011920929
133 56 -0.800000011920929
133 57 -0.800000011920929
133 58 -0.800000011920929
133 59 -0.800000011920929
133 60 -0.800000011920929
133 61 -0.800000011920929
133 62 -0.7204399704933167
133 63 -0.36094117164611816
133 64 6.432542818401998e-07
133 65 0.36094242334365845
133 66 0.7204413414001465
133 67 0.800000011920929
133 68 0.800000011920929
133 69 0.800000011920929
133 70 0.800000011920929
133 71 0.800000011920929
133 72 0.800000011920929
133 73 0.800000011920929
133 74 0.800000011920929
133 75 0.800000011920929
133 76 0.800000011920929
133 77 0.800000011920929
133 78 0.800000011920929
133 79 0.800000011920929
133 80 0.800000011920929
133 81 0.800000011920929
133 82 0.800000011920929
133 83 0.800000011920929
133 84 0.800000011920929
133 85 0.800000011920929
133 86 0.800000011920929
133 87 0.800000011920929
133 88 0.800000011920929
133 89 0.800000011920929
133 90 0.800000011920929
133 91 0.800000011920929
133 92 0.800000011920929
133 93 0.800000011920929
133 94 0.800000011920929
133 95 0.800000011920929
133 96 0.800000011920929
133 97 0.800000011920929
133 98 0.800000011920929
133 99 0.800000011920929
133 100 0.800000011920929
133 101 0.800000011920929
133 102 0.800000011920929
133 103 0.800000011920929
133 104 0.800000011920929
133 105 0.800000011920929
133 106 0.800000011920929
133 107 0.800000011920929
133 108 0.800000011920929
133 109 0.800000011920929
133 110 0.800000011920929
133 111 0.800000011920929
133 112 0.800000011920929
133 113 0.800000011920929
133 114 0.800000011920929
133 115 0.800000011920929
133 116 0.800000011920929
133 117 0.800000011920929
133 118 0.800000011920929
133 119 0.800000011920929
133 120 0.800000011920929
133 121 0.800000011920929
133 122 0.800000011920929
133 123 0.800000011920929
133 124 0.800000011920929
133 125 0.6053444147109985
133 126 0.40341711044311523
133 127 0.2016645073890686
134 0 0.0
134 1 -0.24304336309432983
134 2 -0.4861401915550232
134 3 -0.7293378114700317
134 4 -0.800000011920929
134 5 -0.800000011920929
134 6 -0.800000011920929
134 7 -0.800000011920929
134 8 -0.800000011920929
134 9 -0.800000011920929
134 10 -0.800000011920929
134 11 -0.800000011920929
134 12 -0.800000011920929
134 13 -0.800000011920929
134 14 -0.800000011920929
134 15 -0.800000011920929
134 16 -0.800000011920929
134 17 -0.800000011920929
134 18 -0.800000011920929
134 19 -0.800000011920929
134 20 -0.800000011920929
134 21 -0.800000011920929
134 22 -0.800000011920929
134 23 -0.800000011920929
134 24 -0.800000011920929
134 25 -0.800000011920929
134 26 -0.800000011920929
134 27 -0.800000011920929
134 28 -0.800000011920929
134 29 -0.800000011920929
134 30 -0.800000011920929
134 31 -0.800000011920929
134 32 -0.800000011920929
134 33 -0.800000011920929
134 34 -0.800000011920929
134 35 -0.800000011920929
134 36 -0.800000011920929
134 37 -0.800000011920929
134 38 -0.800000011920929
134 39 -0.800000011920929
134 40 -0.800000011920929
134 41 -0.800000011920929
134 42 -0.800000011920929
134 43 -0.800000011920929
134 44 -0.800000011920929
134 45 -0.800000011920929
134 46 -0.800000011920929
134 47 -0.800000011920929
134 48 -0.800000011920929
134 49 -0.800000011920929
134 50 -0.800000011920929
134 51 -0.800000011920929
134 52 -0.800000011920929
134 53 -0.800000011920929
134 54 -0.800000011920929
134 55 -0.800000011920929
134 56 -0.800000011920929
134 57 -0.800000011920929
134 58 -0.800000011920929
134 59 -0.800000011920929
134 60 -0.800000011920929
134 61 -0.800000011920929
134 62 -0.800000011920929
134 63 -0.420021653175354
134 64 7.485361379622191e-07
134 65 0.420023113489151
134 66 0.800000011920929
134 67 0.800000011920929
134 68 0.800000011920929
134 69 0.800000011920929
134 70 0.800000011920929
134 71 0.800000011920929
134 72 0.800000011920929
134 73 0.800000011920929
134 74 0.800000011920929
134 75 0.800000011920929
134 76 0.800000011920929
134 77 0.800000011920929
134 78 0.800000011920929
134 79 0.800000011920929
134 80 0.800000011920929
134 81 0.800000011920929
134 82 0.800000011920929
134 83 0.800000011920929
134 84 0.800000011920929
134 85 0.800000011920929
134 86 0.800000011920929
134 87 0.800000011920929
134 88 0.800000011920929
134 89 0.800000011920929
134 90 0.800000011920929
134 91 0.800000011920929
134 92 0.800000011920929
134 93 0.800000011920929
134 94 0.800000011920929
134 95 0.800000011920929
134 96 0.800000011920929
134 97 0.800000011920929
134 98 0.800000011920929
134 99 0.800000011920929
134 100 0.800000011920929
134 101 0.800000011920929
134 102 0.800000011920929
134 103 0.800000011920929
134 104 0.800000011920929
134 105 0.800000011920929
134 106 0.800000011920929
134 107 0.800000011920929
134 108 0.800000011920929
134 109 0.800000011920929
134 110 0.800000011920929
134 111 0.800000011920929
134 112 0.800000011920929
134 113 0.800000011920929
134 114 0.800000011920929
134 115 0.800000011920929
134 116 0.800000011920929
134 117 0.800000011920929
134 118 0.800000011920929
134 119 0.800000011920929
134 120 0.800000011920929
134 121 0.800000011920929
134 122 0.800000011920929
134 123 0.800000011920929
134 124 0.800000011920929
134 125 0.729336678981781
134 126 0.48613834381103516
134 127 0.24304315447807312
135 0 0.0
135 1 -0.28463014960289
135 2 -0.5692529678344727
135 3 -0.800000011920929
135 4 -0.800000011920929
135 5 -0.800000011920929
135 6 -0.800000011920929
135 7 -0.800000011920929
135 8 -0.800000011920929
135 9 -0.800000011920929
135 10 -0.800000011920929
135 11 -0.800000011920929
135 12 -0.800000011920929
135 13 -0.800000011920929
135 14 -0.800000011920929
135 15 -0.800000011920929
135 16 -0.800000011920929
135 17 -0.800000011920929
135 18 -0.800000011920929
135 19 -0.800000011920929
135 20 -0.800000011920929
135 21 -0.800000011920929
135 22 -0.800000011920929
135 23 -0.800000011920929
135 24 -0.800000011920929
135 25 -0.800000011920929
135 26 -0.800000011920929
135 27 -0.800000011920929
135 28 -0.800000011920929
135 29 -0.800000011920929
135 30 -0.800000011920929
135 31 -0.800000011920929
135 32 -0.800000011920929
135 33 -0.800000011920929
135 34 -0.800000011920929
135 35 -0.800000011920929
135 36 -0.800000011920929
135 37 -0.800000011920929
135 38 -0.800000011920929
135 39 -0.800000011920929
135 40 -0.800000011920929
135 41 -0.800000011920929
135 42 -0.800000011920929
135 43 -0.800000011920929
135 44 -0.800000011920929
135 45 -0.800000011920929
135 46 -0.800000011920929
135 47 -0.800000011920929
135 48 -0.800000011920929
135 49 -0.800000011920929
135 50 -0.800000011920929
135 51 -0.800000011920929
135 52 -0.800000011920929
135 53 -0.800000011920929
135 54 -0.800000011920929
135 55 -0.800000011920929
135 56 -0.800000011920929
135 57 -0.800000011920929
135 58 -0.800000011920929
135 59 -0.800000011920929
135 60 -0.800000011920929
135 61 -0.800000011920929
135 62 -0.800000011920929
135 63 -0.4725092351436615
135 64 8.42064082462457e-07
135 65 0.4725108742713928
135 66 0.800000011920929
135 67 0.800000011920929
135 68 0.800000011920929
135 69 0.800000011920929
135 70 0.800000011920929
135 71 0.800000011920929
135 72 0.800000011920929
135 73 0.800000011920929
135 74 0.800000011920929
135 75 0.800000011920929
135 76 0.800000011920929
135 77 0.800000011920929
135 78 0.800000011920929
135 79 0.800000011920929
135 80 0.800000011920929
135 81 0.800000011920929
135 82 0.800000011920929
135 83 0.800000011920929
135 84 0.800000011920929
135 85 0.800000011920929
135 86 0.800000011920929
135 87 0.800000011920929
135 88 0.800000011920929
135 89 0.800000011920929
135 90 0.800000011920929
135 91 0.800000011920929
135 92 0.800000011920929
135 93 0.800000011920929
135 94 0.800000011920929
135 95 0.800000011920929
135 96 0.800000011920929
135 97 0.800000011920929
135 98 0.800000011920929
135 99 0.800000011920929
135 100 0.800000011920929
135 101 0.800000011920929
135 102 0.800000011920929
135 103 0.800000011920929
135 104 0.800000011920929
135 105 0.800000011920929
135 106 0.800000011920929
135 107 0.800000011920929
135 108 0.800000011920929
135 109 0.800000011920929
135 110 0.800000011920929
135 111 0.800000011920929
135 112 0.800000011920929
135 113 0.800000011920929
135 114 0.800000011920929
135 115 0.800000011920929
135 116 0.800000011920929
135 117 0.800000011920929
135 118 0.800000011920929
135 119 0.800000011920929
135 120 0.800000011920929
135 121 0.800000011920929
135 122 0.800000011920929
135 123 0.800000011920929
135 124 0.800000011920929
135 125 0.800000011920929
135 126 0.569250762462616
135 127 0.2846299409866333
136 0 0.0
136 1 -0.32618117332458496
136 2 -0.6522682309150696
136 3 -0.800000011920929
136 4 -0.800000011920929
136 5 -0.800000011920929
136 6 -0.800000011920929
136 7 -0.800000011920929
136 8 -0.800000011920929
136 9 -0.800000011920929
136 10 -0.800000011920929
136 11 -0.800000011920929
136 12 -0.800000011920929
136 13 -0.800000011920929
136 14 -0.800000011920929
136 15 -0.800000011920929
136 16 -0.800000011920929
136 17 -0.800000011920929
136 18 -0.800000011920929
136 19 -0.800000011920929
136 20 -0.800000011920929
136 21 -0.800000011920929
136 22 -0.800000011920929
136 23 -0.800000011920929
136 24 -0.800000011920929
136 25 -0.800000011920929
136 26 -0.800000011920929
136 27 -0.800000011920929
136 28 -0.800000011920929
136 29 -0.800000011920929
136 30 -0.800000011920929
136 31 -0.800000011920929
136 32 -0.800000011920929
136 33 -0.800000011920929
136 34 -0.800000011920929
136 35 -0.800000011920929
136 36 -0.800000011920929
136 37 -0.800000011920929
136 38 -0.800000011920929
136 39 -0.800000011920929
136 40 -0.800000011920929
136 41 -0.800000011920929
136 42 -0.800000011920929
136 43 -0.800000011920929
136 44 -0.800000011920929
136 45 -0.800000011920929
136 46 -0.800000011920929
136 47 -0.800000011920929
136 48 -0.800000011920929
136 49 -0.800000011920929
136 50 -0.800000011920929
136 51 -0.800000011920929
136 52 -0.800000011920929
136 53 -0.800000011920929
136 54 -0.800000011920929
136 55 -0.800000011920929
136 56 -0.800000011920929
136 57 -0.800000011920929
136 58 -0.800000011920929
136 59 -0.800000011920929
136 60 -0.800000011920929
136 61 -0.800000011920929
136 62 -0.800000011920929
136 63 -0.5177408456802368
136 64 9.226565680364729e-07
136 65 0.5177426338195801
136 66 0.800000011920929
136 67 0.800000011920929
136 68 0.800000011920929
136 69 0.800000011920929
136 70 0.800000011920929
136 71 0.800000011920929
136 72 0.800000011920929
136 73 0.800000011920929
136 74 0.800000011920929
136 75 0.800000011920929
136 76 0.800000011920929
136 77 0.800000011920929
136 78 0.800000011920929
136 79 0.800000011920929
136 80 0.800000011920929
136 81 0.800000011920929
136 82 0.800000011920929
136 83 0.800000011920929
136 84 0.800000011920929
136 85 0.800000011920929
136 86 0.800000011920929
136 87 0.800000011920929
136 88 0.800000011920929
136 89 0.800000011920929
136 90 0.800000011920929
136 91 0.800000011920929
136 92 0.800000011920929
136 93 0.800000011920929
136 94 0.800000011920929
136 95 0.800000011920929
136 96 0.800000011920929
136 97 0.800000011920929
136 98 0.800000011920929
136 99 0.800000011920929
136 100 0.800000011920929
136 101 0.800000011920929
136 102 0.800000011920929
136 103 0.800000011920929
136 104 0.800000011920929
136 105 0.800000011920929
136 106 0.800000011920929
136 107 0.800000011920929
136 108 0.800000011920929
136 109 0.800000011920929
136 110 0.800000011920929
136 111 0.800000011920929
136 112 0.800000011920929
136 113 0.800000011920929
136 114 0.800000011920929
136 115 0.800000011920929
136 116 0.800000011920929
136 117 0.800000011920929
136 118 0.800000011920929
136 119 0.800000011920929
136 120 0.800000011920929
136 121 0.800000011920929
136 122 0.800000011920929
136 123 0.800000011920929
136 124 0.800000011920929
136 125 0.800000011920929
136 126 0.6522657871246338
136 127 0.32618093490600586
137 0 0.0
137 1 -0.36734893918037415
137 2 -0.734491229057312
137 3 -0.800000011920929
137 4 -0.800000011920929
137 5 -0.800000011920929
137 6 -0.800000011920929
137 7 -0.800000011920929
137 8 -0.800000011920929
137 9 -0.800000011920929
137 10 -0.800000011920929
137 11 -0.800000011920929
137 12 -0.800000011920929
137 13 -0.800000011920929
137 14 -0.800000011920929
137 15 -0.800000011920929
137 16 -0.800000011920929
137 17 -0.800000011920929
137 18 -0.800000011920929
137 19 -0.800000011920929
137 20 -0.800000011920929
137 21 -0.800000011920929
137 22 -0.800000011920929
137 23 -0.800000011920929
137 24 -0.800000011920929
137 25 -0.800000011920929
137 26 -0.800000011920929
137 27 -0.800000011920929
137 28 -0.800000011920929
137 29 -0.800000011920929
137 30 -0.800000011920929
137 31 -0.800000011920929
137 32 -0.800000011920929
137 33 -0.800000011920929
137 34 -0.800000011920929
137 35 -0.800000011920929
137 36 -0.800000011920929
137 37 -0.800000011920929
137 38 -0.800000011920929
137 39 -0.800000011920929
137 40 -0.800000011920929
137 41 -0.800000011920929
137 42 -0.800000011920929
137 43 -0.800000011920929
137 44 -0.800000011920929
137 45 -0.800000011920929
137 46 -0.800000011920929
137 47 -0.800000011920929
137 48 -0.800000011920929
137 49 -0.800000011920929
137 50 -0.800000011920929
137 51 -0.800000011920929
137 52 -0.800000011920929
137 53 -0.800000011920929
137 54 -0.800000011920929
137 55 -0.800000011920929
137 56 -0.800000011920929
137 57 -0.800000011920929
137 58 -0.800000011920929
137 59 -0.800000011920929
137 60 -0.800000011920929
137 61 -0.800000011920929
137 62 -0.800000011920929
137 63 -0.5552276372909546
137 64 9.894422419165494e-07
137 65 0.5552296042442322
137 66 0.800000011920929
137 67 0.800000011920929
137 68 0.800000011920929
137 69 0.800000011920929
137 70 0.800000011920929
137 71 0.800000011920929
137 72 0.800000011920929
137 73 0.800000011920929
137 74 0.800000011920929
137 75 0.800000011920929
137 76 0.800000011920929
137 77 0.800000011920929
137 78 0.800000011920929
137 79 0.800000011920929
137 80 0.800000011920929
137 81 0.800000011920929
137 82 0.800000011920929
137 83 0.800000011920929
137 84 0.800000011920929
137 85 0.800000011920929
137 86 0.800000011920929
137 87 0.800000011920929
137 88 0.800000011920929
137 89 0.800000011920929
137 90 0.800000011920929
137 91 0.800000011920929
137 92 0.800000011920929
137 93 0.800000011920929
137 94 0.800000011920929
137 95 0.800000011920929
137 96 0.800000011920929
137 97 0.800000011920929
137 98 0.800000011920929
137 99 0.800000011920929
137 100 0.800000011920929
137 101 0.800000011920929
137 102 0.800000011920929
137 103 0.800000011920929
137 104 0.800000011920929
137 105 0.800000011920929
137 106 0.800000011920929
137 107 0.800000011920929
137 108 0.800000011920929
137 109 0.800000011920929
137 110 0.800000011920929
137 111 0.800000011920929
137 112 0.800000011920929
137 113 0.800000011920929
137 114 0.800000011920929
137 115 0.800000011920929
137 116 0.800000011920929
137 117 0.800000011920929
137 118 0.800000011920929
137 119 0.800000011920929
137 120 0.800000011920929
137 121 0.800000011920929
137 122 0.800000011920929
137 123 0.800000011920929
137 124 0.800000011920929
137 125 0.800000011920929
137 126 0.7344884276390076
137 127 0.36734864115715027
138 0 0.0
138 1 -0.40768468379974365
138 2 -0.800000011920929
138 3 -0.800000011920929
138 4 -0.800000011920929
138 5 -0.800000011920929
138 6 -0.800000011920929
138 7 -0.800000011920929
138 8 -0.800000011920929
138 9 -0.800000011920929
138 10 -0.800000011920929
138 11 -0.800000011920929
138 12 -0.800000011920929
138 13 -0.800000011920929
138 14 -0.800000011920929
138 15 -0.800000011920929
138 16 -0.800000011920929
138 17 -0.800000011920929
138 18 -0.800000011920929
138 19 -0.800000011920929
138 20 -0.800000011920929
138 21 -0.800000011920929
138 22 -0.800000011920929
138 23 -0.800000011920929
138 24 -0.800000011920929
138 25 -0.800000011920929
138 26 -0.800000011920929
138 27 -0.800000011920929
138 28 -0.800000011920929
138 29 -0.800000011920929
138 30 -0.800000011920929
138 31 -0.800000011920929
138 32 -0.800000011920929
138 33 -0.800000011920929
138 34 -0.800000011920929
138 35 -0.800000011920929
138 36 -0.800000011920929
138 37 -0.800000011920929
138 38 -0.800000011920929
138 39 -0.800000011920929
138 40 -0.800000011920929
138 41 -0.800000011920929
138 42 -0.800000011920929
138 43 -0.800000011920929
138 44 -0.800000011920929
138 45 -0.800000011920929
138 46 -0.800000011920929
138 47 -0.800000011920929
138 48 -0.800000011920929
138 49 -0.800000011920929
138 50 -0.800000011920929
138 51 -0.800000011920929
138 52 -0.800000011920929
138 53 -0.800000011920929
138 54 -0.800000011920929
138 55 -0.800000011920929
138 56 -0.800000011920929
138 57 -0.800000011920929
138 58 -0.800000011920929
138 59 -0.800000011920929
138 60 -0.800000011920929
138 61 -0.800000011920929
138 62 -0.800000011920929
138 63 -0.5846623182296753
138 64 1.0418738156658947e-06
138 65 0.5846643447875977
138 66 0.800000011920929
138 67 0.800000011920929
138 68 0.800000011920929
138 69 0.800000011920929
138 70 0.800000011920929
138 71 0.800000011920929
138 72 0.800000011920929
138 73 0.800000011920929
138 74 0.800000011920929
138 75 0.800000011920929
138 76 0.800000011920929
138 77 0.800000011920929
138 78 0.800000011920929
138 79 0.800000011920929
138 80 0.800000011920929
138 81 0.800000011920929
138 82 0.800000011920929
138 83 0.800000011920929
138 84 0.800000011920929
138 85 0.800000011920929
138 86 0.800000011920929
138 87 0.800000011920929
138 88 0.800000011920929
138 89 0.800000011920929
138 90 0.800000011920929
138 91 0.800000011920929
138 92 0.800000011920929
138 93 0.800000011920929
138 94 0.800000011920929
138 95 0.800000011920929
138 96 0.800000011920929
138 97 0.800000011920929
138 98 0.800000011920929
138 99 0.800000011920929
138 100 0.800000011920929
138 101 0.800000011920929
138 102 0.800000011920929
138 103 0.800000011920929
138 104 0.800000011920929
138 105 0.800000011920929
138 106 0.800000011920929
138 107 0.800000011920929
138 108 0.800000011920929
138 109 0.800000011920929
138 110 0.800000011920929
138 111 0.800000011920929
138 112 0.800000011920929
138 113 0.800000011920929
138 114 0.800000011920929
138 115 0.800000011920929
138 116 0.800000011920929
138 117 0.800000011920929
138 118 0.800000011920929
138 119 0.800000011920929
138 120 0.800000011920929
138 121 0.800000011920929
138 122 0.800000011920929
138 123 0.800000011920929
138 124 0.800000011920929
138 125 0.800000011920929
138 126 0.800000011920929
138 127 0.4076843857765198
139 0 0.0
139 1 -0.4466426372528076
139 2 -0.800000011920929
139 3 -0.800000011920929
139 4 -0.800000011920929
139 5 -0.800000011920929
139 6 -0.800000011920929
139 7 -0.800000011920929
139 8 -0.800000011920929
139 9 -0.800000011920929
139 10 -0.800000011920929
139 11 -0.800000011920929
139 12 -0.800000011920929
139 13 -0.800000011920929
139 14 -0.800000011920929
139 15 -0.800000011920929
139 16 -0.800000011920929
139 17 -0.800000011920929
139 18 -0.800000011920929
139 19 -0.800000011920929
139 20 -0.800000011920929
139 21 -0.800000011920929
139 22 -0.800000011920929
139 23 -0.800000011920929
139 24 -0.800000011920929
139 25 -0.800000011920929
139 26 -0.800000011920929
139 27 -0.800000011920929
139 28 -0.800000011920929
139 29 -0.800000011920929
139 30 -0.800000011920929
139 31 -0.800000011920929
139 32 -0.800000011920929
139 33 -0.800000011920929
139 34 -0.800000011920929
139 35 -0.800000011920929
139 36 -0.800000011920929
139 37 -0.800000011920929
139 38 -0.800000011920929
139 39 -0.800000011920929
139 40 -0.800000011920929
139 41 -0.800000011920929
139 42 -0.800000011920929
139 43 -0.800000011920929
139 44 -0.800000011920929
139 45 -0.800000011920929
139 46 -0.800000011920929
139 47 -0.800000011920929
139 48 -0.800000011920929
139 49 -0.800000011920929
139 50 -0.800000011920929
139 51 -0.800000011920929
139 52 -0.800000011920929
139 53 -0.800000011920929
139 54 -0.800000011920929
139 55 -0.800000011920929
139 56 -0.800000011920929
139 57 -0.800000011920929
139 58 -0.800000011920929
139 59 -0.800000011920929
139 60 -0.800000011920929
139 61 -0.800000011920929
139 62 -0.800000011920929
139 63 -0.6059178709983826
139 64 1.0797255072247935e-06
139 65 0.6059200167655945
139 66 0.800000011920929
139 67 0.800000011920929
139 68 0.800000011920929
139 69 0.800000011920929
139 70 0.800000011920929
139 71 0.800000011920929
139 72 0.800000011920929
139 73 0.800000011920929
139 74 0.800000011920929
139 75 0.800000011920929
139 76 0.800000011920929
139 77 0.800000011920929
139 78 0.800000011920929
139 79 0.800000011920929
139 80 0.800000011920929
139 81 0.800000011920929
139 82 0.800000011920929
139 83 0.800000011920929
139 84 0.800000011920929
139 85 0.800000011920929
139 86 0.800000011920929
139 87 0.800000011920929
139 88 0.800000011920929
139 89 0.800000011920929
139 90 0.800000011920929
139 91 0.800000011920929
139 92 0.800000011920929
139 93 0.800000011920929
139 94 0.800000011920929
139 95 0.800000011920929
139 96 0.800000011920929
139 97 0.800000011920929
139 98 0.800000011920929
139 99 0.800000011920929
139 100 0.800000011920929
139 101 0.800000011920929
139 102 0.800000011920929
139 103 0.800000011920929
139 104 0.800000011920929
139 105 0.800000011920929
139 106 0.800000011920929
139 107 0.800000011920929
139 108 0.800000011920929
139 109 0.800000011920929
139 110 0.800000011920929
139 111 0.800000011920929
139 112 0.800000011920929
139 113 0.800000011920929
139 114 0.800000011920929
139 115 0.800000011920929
139 116 0.800000011920929
139 117 0.800000011920929
139 118 0.800000011920929
139 119 0.800000011920929
139 120 0.800000011920929
139 121 0.800000011920929
139 122 0.800000011920929
139 123 0.800000011920929
139 124 0.800000011920929
139 125 0.800000011920929
139 126 0.800000011920929
139 127 0.44664227962493896
140 0 0.0
140 1 -0.4835926294326782
140 2 -0.800000011920929
140 3 -0.800000011920929
140 4 -0.800000011920929
140 5 -0.800000011920929
140 6 -0.800000011920929
140 7 -0.800000011920929
140 8 -0.800000011920929
140 9 -0.800000011920929
140 10 -0.800000011920929
140 11 -0.800000011920929
140 12 -0.800000011920929
140 13 -0.800000011920929
140 14 -0.800000011920929
140 15 -0.800000011920929
140 16 -0.800000011920929
140 17 -0.800000011920929
140 18 -0.800000011920929
140 19 -0.800000011920929
140 20 -0.800000011920929
140 21 -0.800000011920929
140 22 -0.800000011920929
140 23 -0.800000011920929
140 24 -0.800000011920929
140 25 -0.800000011920929
140 26 -0.800000011920929
140 27 -0.800000011920929
140 28 -0.800000011920929
140 29 -0.800000011920929
140 30 -0.800000011920929
140 31 -0.800000011920929
140 32 -0.800000011920929
140 33 -0.800000011920929
140 34 -0.800000011920929
140 35 -0.800000011920929
140 36 -0.800000011920929
140 37 -0.800000011920929
140 38 -0.800000011920929
140 39 -0.800000011920929
140 40 -0.800000011920929
140 41 -0.800000011920929
140 42 -0.800000011920929
140 43 -0.800000011920929
140 44 -0.800000011920929
140 45 -0.800000011920929
140 46 -0.800000011920929
140 47 -0.800000011920929
140 48 -0.800000011920929
140 49 -0.800000011920929
140 50 -0.800000011920929
140 51 -0.800000011920929
140 52 -0.800000011920929
140 53 -0.800000011920929
140 54 -0.800000011920929
140 55 -0.800000011920929
140 56 -0.800000011920929
140 57 -0.800000011920929
140 58 -0.800000011920929
140 59 -0.800000011920929
140 60 -0.800000011920929
140 61 -0.800000011920929
140 62 -0.800000011920929
140 63 -0.6190446019172668
140 64 1.103087583942397e-06
140 65 0.6190467476844788
140 66 0.800000011920929
140 67 0.800000011920929
140 68 0.800000011920929
140 69 0.800000011920929
140 70 0.800000011920929
140 71 0.800000011920929
140 72 0.800000011920929
140 73 0.800000011920929
140 74 0.800000011920929
140 75 0.800000011920929
140 76 0.800000011920929
140 77 0.800000011920929
140 78 0.800000011920929
140 79 0.800000011920929
140 80 0.800000011920929
140 81 0.800000011920929
140 82 0.800000011920929
140 83 0.800000011920929
140 84 0.800000011920929
140 85 0.800000011920929
140 86 0.800000011920929
140 87 0.800000011920929
140 88 0.800000011920929
140 89 0.800000011920929
140 90 0.800000011920929
140 91 0.800000011920929
140 92 0.800000011920929
140 93 0.800000011920929
140 94 0.800000011920929
140 95 0.800000011920929
140 96 0.800000011920929
140 97 0.800000011920929
140 98 0.800000011920929
140 99 0.800000011920929
140 100 0.800000011920929
140 101 0.800000011920929
140 102 0.800000011920929
140 103 0.800000011920929
140 104 0.800000011920929
140 105 0.800000011920929
140 106 0.800000011920929
140 107 0.800000011920929
140 108 0.800000011920929
140 109 0.800000011920929
140 110 0.800000011920929
140 111 0.800000011920929
140 112 0.800000011920929
140 113 0.800000011920929
140 114 0.800000011920929
140 115 0.800000011920929
140 116 0.800000011920929
140 117 0.800000011920929
140 118 0.800000011920929
140 119 0.800000011920929
140 120 0.800000011920929
140 121 0.800000011920929
140 122 0.800000011920929
140 123 0.800000011920929
140 124 0.800000011920929
140 125 0.800000011920929
140 126 0.800000011920929
140 127 0.48359227180480957
141 0 0.0
141 1 -0.5178354978561401
141 2 -0.800000011920929
141 3 -0.800000011920929
141 4 -0.800000011920929
141 5 -0.800000011920929
141 6 -0.800000011920929
141 7 -0.800000011920929
141 8 -0.800000011920929
141 9 -0.800000011920929
141 10 -0.800000011920929
141 11 -0.800000011920929
141 12 -0.800000011920929
141 13 -0.800000011920929
141 14 -0.800000011920929
141 15 -0.800000011920929
141 16 -0.800000011920929
141 17 -0.800000011920929
141 18 -0.800000011920929
141 19 -0.800000011920929
141 20 -0.800000011920929
141 21 -0.800000011920929
141 22 -0.800000011920929
141 23 -0.800000011920929
141 24 -0.800000011920929
141 25 -0.800000011920929
141 26 -0.800000011920929
141 27 -0.800000011920929
141 28 -0.800000011920929
141 29 -0.800000011920929
141 30 -0.800000011920929
141 31 -0.800000011920929
141 32 -0.800000011920929
141 33 -0.800000011920929
141 34 -0.800000011920929
141 35 -0.800000011920929
141 36 -0.800000011920929
141 37 -0.800000011920929
141 38 -0.800000011920929
141 39 -0.800000011920929
141 40 -0.800000011920929
141 41 -0.800000011920929
141 42 -0.800000011920929
141 43 -0.800000011920929
141 44 -0.800000011920929
141 45 -0.800000011920929
141 46 -0.800000011920929
141 47 -0.800000011920929
141 48 -0.800000011920929
141 49 -0.800000011920929
141 50 -0.800000011920929
141 51 -0.800000011920929
141 52 -0.800000011920929
141 53 -0.800000011920929
141 54 -0.800000011920929
141 55 -0.800000011920929
141 56 -0.800000011920929
141 57 -0.800000011920929
141 58 -0.800000011920929
141 59 -0.800000011920929
141 60 -0.800000011920929
141 61 -0.800000011920929
141 62 -0.800000011920929
141 63 -0.6242589950561523
141 64 1.112346808440634e-06
141 65 0.624261200428009
141 66 0.800000011920929
141 67 0.800000011920929
141 68 0.800000011920929
141 69 0.800000011920929
141 70 0.800000011920929
141 71 0.800000011920929
141 72 0.800000011920929
141 73 0.800000011920929
141 74 0.800000011920929
141 75 0.800000011920929
141 76 0.800000011920929
141 77 0.800000011920929
141 78 0.800000011920929
141 79 0.800000011920929
141 80 0.800000011920929
141 81 0.800000011920929
141 82 0.800000011920929
141 83 0.800000011920929
141 84 0.800000011920929
141 85 0.800000011920929
141 86 0.800000011920929
141 87 0.800000011920929
141 88 0.800000011920929
141 89 0.800000011920929
141 90 0.800000011920929
141 91 0.800000011920929
141 92 0.800000011920929
141 93 0.800000011920929
141 94 0.800000011920929
141 95 0.800000011920929
141 96 0.800000011920929
141 97 0.800000011920929
141 98 0.800000011920929
141 99 0.800000011920929
141 100 0.800000011920929
141 101 0.800000011920929
141 102 0.800000011920929
141 103 0.800000011920929
141 104 0.800000011920929
141 105 0.800000011920929
141 106 0.800000011920929
141 107 0.800000011920929
141 108 0.800000011920929
141 109 0.800000011920929
141 110 0.800000011920929
141 111 0.800000011920929
141 112 0.800000011920929
141 113 0.800000011920929
141 114 0.800000011920929
141 115 0.800000011920929
141 116 0.800000011920929
141 117 0.800000011920929
141 118 0.800000011920929
141 119 0.800000011920929
141 120 0.800000011920929
141 121 0.800000011920929
141 122 0.800000011920929
141 123 0.800000011920929
141 124 0.800000011920929
141 125 0.800000011920929
141 126 0.800000011920929
141 127 0.5178350806236267
142 0 0.0
142 1 -0.5486241579055786
142 2 -0.800000011920929
142 3 -0.800000011920929
142 4 -0.800000011920929
142 5 -0.800000011920929
142 6 -0.800000011920929
142 7 -0.800000011920929
142 8 -0.800000011920929
142 9 -0.800000011920929
142 10 -0.800000011920929
142 11 -0.800000011920929
142 12 -0.800000011920929
142 13 -0.800000011920929
142 14 -0.800000011920929
142 15 -0.800000011920929
142 16 -0.800000011920929
142 17 -0.800000011920929
142 18 -0.800000011920929
142 19 -0.800000011920929
142 20 -0.800000011920929
142 21 -0.800000011920929
142 22 -0.800000011920929
142 23 -0.800000011920929
142 24 -0.800000011920929
142 25 -0.800000011920929
142 26 -0.800000011920929
142 27 -0.800000011920929
142 28 -0.800000011920929
142 29 -0.800000011920929
142 30 -0.800000011920929
142 31 -0.800000011920929
142 32 -0.800000011920929
142 33 -0.800000011920929
142 34 -0.800000011920929
142 35 -0.800000011920929
142 36 -0.800000011920929
142 37 -0.800000011920929
142 38 -0.800000011920929
142 39 -0.800000011920929
142 40 -0.800000011920929
142 41 -0.800000011920929
142 42 -0.800000011920929
142 43 -0.800000011920929
142 44 -0.800000011920929
142 45 -0.800000011920929
142 46 -0.800000011920929
142 47 -0.800000011920929
142 48 -0.800000011920929
142 49 -0.800000011920929
142 50 -0.800000011920929
142 51 -0.800000011920929
142 52 -0.800000011920929
142 53 -0.800000011920929
142 54 -0.800000011920929
142 55 -0.800000011920929
142 56 -0.800000011920929
142 57 -0.800000011920929
142 58 -0.800000011920929
142 59 -0.800000011920929
142 60 -0.800000011920929
142 61 -0.800000011920929
142 62 -0.800000011920929
142 63 -0.6219291090965271
142 64 1.1081601769546978e-06
142 65 0.621931254863739
142 66 0.800000011920929
142 67 0.800000011920929
142 68 0.800000011920929
142 69 0.800000011920929
142 70 0.800000011920929
142 71 0.800000011920929
142 72 0.800000011920929
142 73 0.800000011920929
142 74 0.800000011920929
142 75 0.800000011920929
142 76 0.800000011920929
142 77 0.800000011920929
142 78 0.800000011920929
142 79 0.800000011920929
142 80 0.800000011920929
142 81 0.800000011920929
142 82 0.800000011920929
142 83 0.800000011920929
142 84 0.800000011920929
142 85 0.800000011920929
142 86 0.800000011920929
142 87 0.800000011920929
142 88 0.800000011920929
142 89 0.800000011920929
142 90 0.800000011920929
142 91 0.800000011920929
142 92 0.800000011920929
142 93 0.800000011920929
142 94 0.800000011920929
142 95 0.800000011920929
142 96 0.800000011920929
142 97 0.800000011920929
142 98 0.800000011920929
142 99 0.800000011920929
142 100 0.800000011920929
142 101 0.800000011920929
142 102 0.800000011920929
142 103 0.800000011920929
142 104 0.800000011920929
142 105 0.800000011920929
142 106 0.800000011920929
142 107 0.800000011920929
142 108 0.800000011920929
142 109 0.800000011920929
142 110 0.800000011920929
142 111 0.800000011920929
142 112 0.800000011920929
142 113 0.800000011920929
142 114 0.800000011920929
142 115 0.800000011920929
142 116 0.800000011920929
142 117 0.800000011920929
142 118 0.800000011920929
142 119 0.800000011920929
142 120 0.800000011920929
142 121 0.800000011920929
142 122 0.800000011920929
142 123 0.800000011920929
142 124 0.800000011920929
142 125 0.800000011920929
142 126 0.800000011920929
142 127 0.5486237406730652
143 0 0.0
143 1 -0.5751848220825195
143 2 -0.800000011920929
143 3 -0.800000011920929
143 4 -0.800000011920929
143 5 -0.800000011920929
143 6 -0.800000011920929
143 7 -0.800000011920929
143 8 -0.800000011920929
143 9 -0.800000011920929
143 10 -0.800000011920929
143 11 -0.800000011920929
143 12 -0.800000011920929
143 13 -0.800000011920929
143 14 -0.800000011920929
143 15 -0.800000011920929
143 16 -0.800000011920929
143 17 -0.800000011920929
143 18 -0.800000011920929
143 19 -0.800000011920929
143 20 -0.800000011920929
143 21 -0.800000011920929
143 22 -0.800000011920929
143 23 -0.800000011920929
143 24 -0.800000011920929
143 25 -0.800000011920929
143 26 -0.800000011920929
143 27 -0.800000011920929
143 28 -0.800000011920929
143 29 -0.800000011920929
143 30 -0.800000011920929
143 31 -0.800000011920929
143 32 -0.800000011920929
143 33 -0.800000011920929
143 34 -0.800000011920929
143 35 -0.800000011920929
143 36 -0.800000011920929
143 37 -0.800000011920929
143 38 -0.800000011920929
143 39 -0.800000011920929
143 40 -0.800000011920929
143 41 -0.800000011920929
143 42 -0.800000011920929
143 43 -0.800000011920929
143 44 -0.800000011920929
143 45 -0.800000011920929
143 46 -0.800000011920929
143 47 -0.800000011920929
143 48 -0.800000011920929
143 49 -0.800000011920929
143 50 -0.800000011920929
143 51 -0.800000011920929
143 52 -0.800000011920929
143 53 -0.800000011920929
143 54 -0.800000011920929
143 55 -0.800000011920929
143 56 -0.800000011920929
143 57 -0.800000011920929
143 58 -0.800000011920929
143 59 -0.800000011920929
143 60 -0.800000011920929
143 61 -0.800000011920929
143 62 -0.800000011920929
143 63 -0.6125540137290955
143 64 1.0914179711107863e-06
143 65 0.6125561594963074
143 66 0.800000011920929
143 67 0.800000011920929
143 68 0.800000011920929
143 69 0.800000011920929
143 70 0.800000011920929
143 71 0.800000011920929
143 72 0.800000011920929
143 73 0.800000011920929
143 74 0.800000011920929
143 75 0.800000011920929
143 76 0.800000011920929
143 77 0.800000011920929
143 78 0.800000011920929
143 79 0.800000011920929
143 80 0.800000011920929
143 81 0.800000011920929
143 82 0.800000011920929
143 83 0.800000011920929
143 84 0.800000011920929
143 85 0.800000011920929
143 86 0.800000011920929
143 87 0.800000011920929
143 88 0.800000011920929
143 89 0.800000011920929
143 90 0.800000011920929
143 91 0.800000011920929
143 92 0.800000011920929
143 93 0.800000011920929
143 94 0.800000011920929
143 95 0.800000011920929
143 96 0.800000011920929
143 97 0.800000011920929
143 98 0.800000011920929
143 99 0.800000011920929
143 100 0.800000011920929
143 101 0.800000011920929
143 102 0.800000011920929
143 103 0.800000011920929
143 104 0.800000011920929
143 105 0.800000011920929
143 106 0.800000011920929
143 107 0.800000011920929
143 108 0.800000011920929
143 109 0.800000011920929
143 110 0.800000011920929
143 111 0.800000011920929
143 112 0.800000011920929
143 113 0.800000011920929
143 114 0.800000011920929
143 115 0.800000011920929
143 116 0.800000011920929
143 117 0.800000011920929
143 118 0.800000011920929
143 119 0.800000011920929
143 120 0.800000011920929
143 121 0.800000011920929
143 122 0.800000011920929
143 123 0.800000011920929
143 124 0.800000011920929
143 125 0.800000011920929
143 126 0.800000011920929
143 127 0.5751843452453613
144 0 0.0
144 1 -0.5967440009117126
144 2 -0.800000011920929
144 3 -0.800000011920929
144 4 -0.800000011920929
144 5 -0.800000011920929
144 6 -0.800000011920929
144 7 -0.800000011920929
144 8 -0.800000011920929
144 9 -0.800000011920929
144 10 -0.800000011920929
144 11 -0.800000011920929
144 12 -0.800000011920929
144 13 -0.800000011920929
144 14 -0.800000011920929
144 15 -0.800000011920929
144 16 -0.800000011920929
144 17 -0.800000011920929
144 18 -0.800000011920929
144 19 -0.800000011920929
144 20 -0.800000011920929
144 21 -0.800000011920929
144 22 -0.800000011920929
144 23 -0.800000011920929
144 24 -0.800000011920929
144 25 -0.800000011920929
144 26 -0.800000011920929
144 27 -0.800000011920929
144 28 -0.800000011920929
144 29 -0.800000011920929
144 30 -0.800000011920929
144 31 -0.800000011920929
144 32 -0.800000011920929
144 33 -0.800000011920929
144 34 -0.800000011920929
144 35 -0.800000011920929
144 36 -0.800000011920929
144 37 -0.800000011920929
144 38 -0.800000011920929
144 39 -0.800000011920929
144 40 -0.800000011920929
144 41 -0.800000011920929
144 42 -0.800000011920929
144 43 -0.800000011920929
144 44 -0.800000011920929
144 45 -0.800000011920929
144 46 -0.800000011920929
144 47 -0.800000011920929
144 48 -0.800000011920929
144 49 -0.800000011920929
144 50 -0.800000011920929
144 51 -0.800000011920929
144 52 -0.800000011920929
144 53 -0.800000011920929
144 54 -0.800000011920929
144 55 -0.800000011920929
144 56 -0.800000011920929
144 57 -0.800000011920929
144 58 -0.800000011920929
144 59 -0.800000011920929
144 60 -0.800000011920929
144 61 -0.800000011920929
144 62 -0.800000011920929
144 63 -0.5967417359352112
144 64 1.06320544546179e-06
144 65 0.5967438220977783
144 66 0.800000011920929
144 67 0.800000011920929
144 68 0.800000011920929
144 69 0.800000011920929
144 70 0.800000011920929
144 71 0.800000011920929
144 72 0.800000011920929
144 73 0.800000011920929
144 74 0.800000011920929
144 75 0.800000011920929
144 76 0.800000011920929
144 77 0.800000011920929
144 78 0.800000011920929
144 79 0.800000011920929
144 80 0.800000011920929
144 81 0.800000011920929
144 82 0.800000011920929
144 83 0.800000011920929
144 84 0.800000011920929
144 85 0.800000011920929
144 86 0.800000011920929
144 87 0.800000011920929
144 88 0.800000011920929
144 89 0.800000011920929
144 90 0.800000011920929
144 91 0.800000011920929
144 92 0.800000011920929
144 93 0.800000011920929
144 94 0.800000011920929
144 95 0.800000011920929
144 96 0.800000011920929
144 97 0.800000011920929
144 98 0.800000011920929
144 99 0.800000011920929
144 100 0.800000011920929
144 101 0.800000011920929
144 102 0.800000011920929
144 103 0.800000011920929
144 104 0.800000011920929
144 105 0.800000011920929
144 106 0.800000011920929
144 107 0.800000011920929
144 108 0.800000011920929
144 109 0.800000011920929
144 110 0.800000011920929
144 111 0.800000011920929
144 112 0.800000011920929
144 113 0.800000011920929
144 114 0.800000011920929
144 115 0.800000011920929
144 116 0.800000011920929
144 117 0.800000011920929
144 118 0.800000011920929
144 119 0.800000011920929
144 120 0.800000011920929
144 121 0.800000011920929
144 122 0.800000011920929
144 123 0.800000011920929
144 124 0.800000011920929
144 125 0.800000011920929
144 126 0.800000011920929
144 127 0.5967435836791992
145 0 0.0
145 1 -0.6125565767288208
145 2 -0.800000011920929
145 3 -0.800000011920929
145 4 -0.800000011920929
145 5 -0.800000011920929
145 6 -0.800000011920929
145 7 -0.800000011920929
145 8 -0.800000011920929
145 9 -0.800000011920929
145 10 -0.800000011920929
145 11 -0.800000011920929
145 12 -0.800000011920929
145 13 -0.800000011920929
145 14 -0.800000011920929
145 15 -0.800000011920929
145 16 -0.800000011920929
145 17 -0.800000011920929
145 18 -0.800000011920929
145 19 -0.800000011920929
145 20 -0.800000011920929
145 21 -0.800000011920929
145 22 -0.800000011920929
145 23 -0.800000011920929
145 24 -0.800000011920929
145 25 -0.800000011920929
145 26 -0.800000011920929
145 27 -0.800000011920929
145 28 -0.800000011920929
145 29 -0.800000011920929
145 30 -0.800000011920929
145 31 -0.800000011920929
145 32 -0.800000011920929
145 33 -0.800000011920929
145 34 -0.800000011920929
145 35 -0.800000011920929
145 36 -0.800000011920929
145 37 -0.800000011920929
145 38 -0.800000011920929
145 39 -0.800000011920929
145 40 -0.800000011920929
145 41 -0.800000011920929
145 42 -0.800000011920929
145 43 -0.800000011920929
145 44 -0.800000011920929
145 45 -0.800000011920929
145 46 -0.800000011920929
145 47 -0.800000011920929
145 48 -0.800000011920929
145 49 -0.800000011920929
145 50 -0.800000011920929
145 51 -0.800000011920929
145 52 -0.800000011920929
145 53 -0.800000011920929
145 54 -0.800000011920929
145 55 -0.800000011920929
145 56 -0.800000011920929
145 57 -0.800000011920929
145 58 -0.800000011920929
145 59 -0.800000011920929
145 60 -0.800000011920929
145 61 -0.800000011920929
145 62 -0.800000011920929
145 63 -0.5751824378967285
145 64 1.0247532600260456e-06
145 65 0.5751844644546509
145 66 0.800000011920929
145 67 0.800000011920929
145 68 0.800000011920929
145 69 0.800000011920929
145 70 0.800000011920929
145 71 0.800000011920929
145 72 0.800000011920929
145 73 0.800000011920929
145 74 0.800000011920929
145 75 0.800000011920929
145 76 0.800000011920929
145 77 0.800000011920929
145 78 0.800000011920929
145 79 0.800000011920929
145 80 0.800000011920929
145 81 0.800000011920929
145 82 0.800000011920929
145 83 0.800000011920929
145 84 0.800000011920929
145 85 0.800000011920929
145 86 0.800000011920929
145 87 0.800000011920929
145 88 0.800000011920929
145 89 0.800000011920929
145 90 0.800000011920929
145 91 0.800000011920929
145 92 0.800000011920929
145 93 0.800000011920929
145 94 0.800000011920929
145 95 0.800000011920929
145 96 0.800000011920929
145 97 0.800000011920929
145 98 0.800000011920929
145 99 0.800000011920929
145 100 0.800000011920929
145 101 0.800000011920929
145 102 0.800000011920929
145 103 0.800000011920929
145 104 0.800000011920929
145 105 0.800000011920929
145 106 0.800000011920929
145 107 0.800000011920929
145 108 0.800000011920929
145 109 0.800000011920929
145 110 0.800000011920929
145 111 0.800000011920929
145 112 0.800000011920929
145 113 0.800000011920929
145 114 0.800000011920929
145 115 0.800000011920929
145 116 0.800000011920929
145 117 0.800000011920929
145 118 0.800000011920929
145 119 0.800000011920929
145 120 0.800000011920929
145 121 0.800000011920929
145 122 0.800000011920929
145 123 0.800000011920929
145 124 0.800000011920929
145 125 0.800000011920929
145 126 0.800000011920929
145 127 0.6125560402870178
146 0 0.0
146 1 -0.6219315528869629
146 2 -0.800000011920929
146 3 -0.800000011920929
146 4 -0.800000011920929
146 5 -0.800000011920929
146 6 -0.800000011920929
146 7 -0.800000011920929
146 8 -0.800000011920929
146 9 -0.800000011920929
146 10 -0.800000011920929
146 11 -0.800000011920929
146 12 -0.800000011920929
146 13 -0.800000011920929
146 14 -0.800000011920929
146 15 -0.800000011920929
146 16 -0.800000011920929
146 17 -0.800000011920929
146 18 -0.800000011920929
146 19 -0.800000011920929
146 20 -0.800000011920929
146 21 -0.800000011920929
146 22 -0.800000011920929
146 23 -0.800000011920929
146 24 -0.800000011920929
146 25 -0.800000011920929
146 26 -0.800000011920929
146 27 -0.800000011920929
146 28 -0.800000011920929
146 29 -0.800000011920929
146 30 -0.800000011920929
146 31 -0.800000011920929
146 32 -0.800000011920929
146 33 -0.800000011920929
146 34 -0.800000011920929
146 35 -0.800000011920929
146 36 -0.800000011920929
146 37 -0.800000011920929
146 38 -0.800000011920929
146 39 -0.800000011920929
146 40 -0.800000011920929
146 41 -0.800000011920929
146 42 -0.800000011920929
146 43 -0.800000011920929
146 44 -0.800000011920929
146 45 -0.800000011920929
146 46 -0.800000011920929
146 47 -0.800000011920929
146 48 -0.800000011920929
146 49 -0.800000011920929
146 50 -0.800000011920929
146 51 -0.800000011920929
146 52 -0.800000011920929
146 53 -0.800000011920929
146 54 -0.800000011920929
146 55 -0.800000011920929
146 56 -0.800000011920929
146 57 -0.800000011920929
146 58 -0.800000011920929
146 59 -0.800000011920929
146 60 -0.800000011920929
146 61 -0.800000011920929
146 62 -0.800000011920929
146 63 -0.5486217737197876
146 64 9.773921192390844e-07
146 65 0.5486237406730652
146 66 0.800000011920929
146 67 0.800000011920929
146 68 0.800000011920929
146 69 0.800000011920929
146 70 0.800000011920929
146 71 0.800000011920929
146 72 0.800000011920929
146 73 0.800000011920929
146 74 0.800000011920929
146 75 0.800000011920929
146 76 0.800000011920929
146 77 0.800000011920929
146 78 0.800000011920929
146 79 0.800000011920929
146 80 0.800000011920929
146 81 0.800000011920929
146 82 0.800000011920929
146 83 0.800000011920929
146 84 0.800000011920929
146 85 0.800000011920929
146 86 0.800000011920929
146 87 0.800000011920929
146 88 0.800000011920929
146 89 0.800000011920929
146 90 0.800000011920929
146 91 0.800000011920929
146 92 0.800000011920929
146 93 0.800000011920929
146 94 0.800000011920929
146 95 0.800000011920929
146 96 0.800000011920929
146 97 0.800000011920929
146 98 0.800000011920929
146 99 0.800000011920929
146 100 0.800000011920929
146 101 0.800000011920929
146 102 0.800000011920929
146 103 0.800000011920929
146 104 0.800000011920929
146 105 0.800000011920929
146 106 0.800000011920929
146 107 0.800000011920929
146 108 0.800000011920929
146 109 0.800000011920929
146 110 0.800000011920929
146 111 0.800000011920929
146 112 0.800000011920929
146 113 0.800000011920929
146 114 0.800000011920929
146 115 0.800000011920929
146 116 0.800000011920929
146 117 0.800000011920929
146 118 0.800000011920929
146 119 0.800000011920929
146 120 0.800000011920929
146 121 0.800000011920929
146 122 0.800000011920929
146 123 0.800000011920929
146 124 0.800000011920929
146 125 0.800000011920929
146 126 0.800000011920929
146 127 0.6219310760498047
147 0 0.0
147 1 -0.6242613792419434
147 2 -0.800000011920929
147 3 -0.800000011920929
147 4 -0.800000011920929
147 5 -0.800000011920929
147 6 -0.800000011920929
147 7 -0.800000011920929
147 8 -0.800000011920929
147 9 -0.800000011920929
147 10 -0.800000011920929
147 11 -0.800000011920929
147 12 -0.800000011920929
147 13 -0.800000011920929
147 14 -0.800000011920929
147 15 -0.800000011920929
147 16 -0.800000011920929
147 17 -0.800000011920929
147 18 -0.800000011920929
147 19 -0.800000011920929
147 20 -0.800000011920929
147 21 -0.800000011920929
147 22 -0.800000011920929
147 23 -0.800000011920929
147 24 -0.800000011920929
147 25 -0.800000011920929
147 26 -0.800000011920929
147 27 -0.800000011920929
147 28 -0.800000011920929
147 29 -0.800000011920929
147 30 -0.800000011920929
147 31 -0.800000011920929
147 32 -0.800000011920929
147 33 -0.800000011920929
147 34 -0.800000011920929
147 35 -0.800000011920929
147 36 -0.800000011920929
147 37 -0.800000011920929
147 38 -0.800000011920929
147 39 -0.800000011920929
147 40 -0.800000011920929
147 41 -0.800000011920929
147 42 -0.800000011920929
147 43 -0.800000011920929
147 44 -0.800000011920929
147 45 -0.800000011920929
147 46 -0.800000011920929
147 47 -0.800000011920929
147 48 -0.800000011920929
147 49 -0.800000011920929
147 50 -0.800000011920929
147 51 -0.800000011920929
147 52 -0.800000011920929
147 53 -0.800000011920929
147 54 -0.800000011920929
147 55 -0.800000011920929
147 56 -0.800000011920929
147 57 -0.800000011920929
147 58 -0.800000011920929
147 59 -0.800000011920929
147 60 -0.800000011920929
147 61 -0.800000011920929
147 62 -0.800000011920929
147 63 -0.5178332328796387
147 64 9.22500930755632e-07
147 65 0.5178349614143372
147 66 0.800000011920929
147 67 0.800000011920929
147 68 0.800000011920929
147 69 0.800000011920929
147 70 0.800000011920929
147 71 0.800000011920929
147 72 0.800000011920929
147 73 0.800000011920929
147 74 0.800000011920929
147 75 0.800000011920929
147 76 0.800000011920929
147 77 0.800000011920929
147 78 0.800000011920929
147 79 0.800000011920929
147 80 0.800000011920929
147 81 0.800000011920929
147 82 0.800000011920929
147 83 0.800000011920929
147 84 0.800000011920929
147 85 0.800000011920929
147 86 0.800000011920929
147 87 0.800000011920929
147 88 0.800000011920929
147 89 0.800000011920929
147 90 0.800000011920929
147 91 0.800000011920929
147 92 0.800000011920929
147 93 0.800000011920929
147 94 0.800000011920929
147 95 0.800000011920929
147 96 0.800000011920929
147 97 0.800000011920929
147 98 0.800000011920929
147 99 0.800000011920929
147 100 0.800000011920929
147 101 0.800000011920929
147 102 0.800000011920929
147 103 0.800000011920929
147 104 0.800000011920929
147 105 0.800000011920929
147 106 0.800000011920929
147 107 0.800000011920929
147 108 0.800000011920929
147 109 0.800000011920929
147 110 0.800000011920929
147 111 0.800000011920929
147 112 0.800000011920929
147 113 0.800000011920929
147 114 0.800000011920929
147 115 0.800000011920929
147 116 0.800000011920929
147 117 0.800000011920929
147 118 0.800000011920929
147 119 0.800000011920929
147 120 0.800000011920929
147 121 0.800000011920929
147 122 0.800000011920929
147 123 0.800000011920929
147 124 0.800000011920929
147 125 0.800000011920929
147 126 0.800000011920929
147 127 0.6242609024047852
148 0 0.0
148 1 -0.6190468072891235
148 2 -0.800000011920929
148 3 -0.800000011920929
148 4 -0.800000011920929
148 5 -0.800000011920929
148 6 -0.800000011920929
148 7 -0.800000011920929
148 8 -0.800000011920929
148 9 -0.800000011920929
148 10 -0.800000011920929
148 11 -0.800000011920929
148 12 -0.800000011920929
148 13 -0.800000011920929
148 14 -0.800000011920929
148 15 -0.800000011920929
148 16 -0.800000011920929
148 17 -0.800000011920929
148 18 -0.800000011920929
148 19 -0.800000011920929
148 20 -0.800000011920929
148 21 -0.800000011920929
148 22 -0.800000011920929
148 23 -0.800000011920929
148 24 -0.800000011920929
148 25 -0.800000011920929
148 26 -0.800000011920929
148 27 -0.800000011920929
148 28 -0.800000011920929
148 29 -0.800000011920929
148 30 -0.800000011920929
148 31 -0.800000011920929
148 32 -0.800000011920929
148 33 -0.800000011920929
148 34 -0.800000011920929
148 35 -0.800000011920929
148 36 -0.800000011920929
148 37 -0.800000011920929
148 38 -0.800000011920929
148 39 -0.800000011920929
148 40 -0.800000011920929
148 41 -0.800000011920929
148 42 -0.800000011920929
148 43 -0.800000011920929
148 44 -0.800000011920929
148 45 -0.800000011920929
148 46 -0.800000011920929
148 47 -0.800000011920929
148 48 -0.800000011920929
148 49 -0.800000011920929
148 50 -0.800000011920929
148 51 -0.800000011920929
148 52 -0.800000011920929
148 53 -0.800000011920929
148 54 -0.800000011920929
148 55 -0.800000011920929
148 56 -0.800000011920929
148 57 -0.800000011920929
148 58 -0.800000011920929
148 59 -0.800000011920929
148 60 -0.800000011920929
148 61 -0.800000011920929
148 62 -0.800000011920929
148 63 -0.48359042406082153
148 64 8.614598527856288e-07
148 65 0.48359209299087524
148 66 0.800000011920929
148 67 0.800000011920929
148 68 0.800000011920929
148 69 0.800000011920929
148 70 0.800000011920929
148 71 0.800000011920929
148 72 0.800000011920929
148 73 0.800000011920929
148 74 0.800000011920929
148 75 0.800000011920929
148 76 0.800000011920929
148 77 0.800000011920929
148 78 0.800000011920929
148 79 0.800000011920929
148 80 0.800000011920929
148 81 0.800000011920929
148 82 0.800000011920929
148 83 0.800000011920929
148 84 0.800000011920929
148 85 0.800000011920929
148 86 0.800000011920929
148 87 0.800000011920929
148 88 0.800000011920929
148 89 0.800000011920929
148 90 0.800000011920929
148 91 0.800000011920929
148 92 0.800000011920929
148 93 0.800000011920929
148 94 0.800000011920929
148 95 0.800000011920929
148 96 0.800000011920929
148 97 0.800000011920929
148 98 0.800000011920929
148 99 0.800000011920929
148 100 0.800000011920929
148 101 0.800000011920929
148 102 0.800000011920929
148 103 0.800000011920929
148 104 0.800000011920929
148 105 0.800000011920929
148 106 0.800000011920929
148 107 0.800000011920929
148 108 0.800000011920929
148 109 0.800000011920929
148 110 0.800000011920929
148 111 0.800000011920929
148 112 0.800000011920929
148 113 0.800000011920929
148 114 0.800000011920929
148 115 0.800000011920929
148 116 0.800000011920929
148 117 0.800000011920929
148 118 0.800000011920929
148 119 0.800000011920929
148 120 0.800000011920929
148 121 0.800000011920929
148 122 0.800000011920929
148 123 0.800000011920929
148 124 0.800000011920929
148 125 0.800000011920929
148 126 0.800000011920929
148 127 0.6190463304519653
149 0 0.0
149 1 -0.6059200167655945
149 2 -0.800000011920929
149 3 -0.800000011920929
149 4 -0.800000011920929
149 5 -0.800000011920929
149 6 -0.800000011920929
149 7 -0.800000011920929
149 8 -0.800000011920929
149 9 -0.800000011920929
149 10 -0.800000011920929
149 11 -0.800000011920929
149 12 -0.800000011920929
149 13 -0.800000011920929
149 14 -0.800000011920929
149 15 -0.800000011920929
149 16 -0.800000011920929
149 17 -0.800000011920929
149 18 -0.800000011920929
149 19 -0.800000011920929
149 20 -0.800000011920929
149 21 -0.800000011920929
149 22 -0.800000011920929
149 23 -0.800000011920929
149 24 -0.800000011920929
149 25 -0.800000011920929
149 26 -0.800000011920929
149 27 -0.800000011920929
149 28 -0.800000011920929
149 29 -0.800000011920929
149 30 -0.800000011920929
149 31 -0.800000011920929
149 32 -0.800000011920929
149 33 -0.800000011920929
149 34 -0.800000011920929
149 35 -0.800000011920929
149 36 -0.800000011920929
149 37 -0.800000011920929
149 38 -0.800000011920929
149 39 -0.800000011920929
149 40 -0.800000011920929
149 41 -0.800000011920929
149 42 -0.800000011920929
149 43 -0.800000011920929
149 44 -0.800000011920929
149 45 -0.800000011920929
149 46 -0.800000011920929
149 47 -0.800000011920929
149 48 -0.800000011920929
149 49 -0.800000011920929
149 50 -0.800000011920929
149 51 -0.800000011920929
149 52 -0.800000011920929
149 53 -0.800000011920929
149 54 -0.800000011920929
149 55 -0.800000011920929
149 56 -0.800000011920929
149 57 -0.800000011920929
149 58 -0.800000011920929
149 59 -0.800000011920929
149 60 -0.800000011920929
149 61 -0.800000011920929
149 62 -0.800000011920929
149 63 -0.4466405510902405
149 64 7.95601295067172e-07
149 65 0.44664207100868225
149 66 0.800000011920929
149 67 0.800000011920929
149 68 0.800000011920929
149 69 0.800000011920929
149 70 0.800000011920929
149 71 0.800000011920929
149 72 0.800000011920929
149 73 0.800000011920929
149 74 0.800000011920929
149 75 0.800000011920929
149 76 0.800000011920929
149 77 0.800000011920929
149 78 0.800000011920929
149 79 0.800000011920929
149 80 0.800000011920929
149 81 0.800000011920929
149 82 0.800000011920929
149 83 0.800000011920929
149 84 0.800000011920929
149 85 0.800000011920929
149 86 0.800000011920929
149 87 0.800000011920929
149 88 0.800000011920929
149 89 0.800000011920929
149 90 0.800000011920929
149 91 0.800000011920929
149 92 0.800000011920929
149 93 0.800000011920929
149 94 0.800000011920929
149 95 0.800000011920929
149 96 0.800000011920929
149 97 0.800000011920929
149 98 0.800000011920929
149 99 0.800000011920929
149 100 0.800000011920929
149 101 0.800000011920929
149 102 0.800000011920929
149 103 0.800000011920929
149 104 0.800000011920929
149 105 0.800000011920929
149 106 0.800000011920929
149 107 0.800000011920929
149 108 0.800000011920929
149 109 0.800000011920929
149 110 0.800000011920929
149 111 0.800000011920929
149 112 0.800000011920929
149 113 0.800000011920929
149 114 0.800000011920929
149 115 0.800000011920929
149 116 0.800000011920929
149 117 0.800000011920929
149 118 0.800000011920929
149 119 0.800000011920929
149 120 0.800000011920929
149 121 0.800000011920929
149 122 0.800000011920929
149 123 0.800000011920929
149 124 0.800000011920929
149 125 0.800000011920929
149 126 0.800000011920929
149 127 0.6059195399284363
150 0 0.0
150 1 -0.5846642851829529
150 2 -0.800000011920929
150 3 -0.800000011920929
150 4 -0.800000011920929
150 5 -0.800000011920929
150 6 -0.800000011920929
150 7 -0.800000011920929
150 8 -0.800000011920929
150 9 -0.800000011920929
150 10 -0.800000011920929
150 11 -0.800000011920929
150 12 -0.800000011920929
150 13 -0.800000011920929
150 14 -0.800000011920929
150 15 -0.800000011920929
150 16 -0.800000011920929
150 17 -0.800000011920929
150 18 -0.800000011920929
150 19 -0.800000011920929
150 20 -0.800000011920929
150 21 -0.800000011920929
150 22 -0.800000011920929
150 23 -0.800000011920929
150 24 -0.800000011920929
150 25 -0.800000011920929
150 26 -0.800000011920929
150 27 -0.800000011920929
150 28 -0.800000011920929
150 29 -0.800000011920929
150 30 -0.800000011920929
150 31 -0.800000011920929
150 32 -0.800000011920929
150 33 -0.800000011920929
150 34 -0.800000011920929
150 35 -0.800000011920929
150 36 -0.800000011920929
150 37 -0.800000011920929
150 38 -0.800000011920929
150 39 -0.800000011920929
150 40 -0.800000011920929
150 41 -0.800000011920929
150 42 -0.800000011920929
150 43 -0.800000011920929
150 44 -0.800000011920929
150 45 -0.800000011920929
150 46 -0.800000011920929
150 47 -0.800000011920929
150 48 -0.800000011920929
150 49 -0.800000011920929
150 50 -0.800000011920929
150 51 -0.800000011920929
150 52 -0.800000011920929
150 53 -0.800000011920929
150 54 -0.800000011920929
150 55 -0.800000011920929
150 56 -0.800000011920929
150 57 -0.800000011920929
150 58 -0.800000011920929
150 59 -0.800000011920929
150 60 -0.800000011920929
150 61 -0.800000011920929
150 62 -0.800000011920929
150 63 -0.40768274664878845
150 64 7.261718337758793e-07
150 65 0.4076841473579407
150 66 0.800000011920929
150 67 0.800000011920929
150 68 0.800000011920929
150 69 0.800000011920929
150 70 0.800000011920929
150 71 0.800000011920929
150 72 0.800000011920929
150 73 0.800000011920929
150 74 0.800000011920929
150 75 0.800000011920929
150 76 0.800000011920929
150 77 0.800000011920929
150 78 0.800000011920929
150 79 0.800000011920929
150 80 0.800000011920929
150 81 0.800000011920929
150 82 0.800000011920929
150 83 0.800000011920929
150 84 0.800000011920929
150 85 0.800000011920929
150 86 0.800000011920929
150 87 0.800000011920929
150 88 0.800000011920929
150 89 0.800000011920929
150 90 0.800000011920929
150 91 0.800000011920929
150 92 0.800000011920929
150 93 0.800000011920929
150 94 0.800000011920929
150 95 0.800000011920929
150 96 0.800000011920929
150 97 0.800000011920929
150 98 0.800000011920929
150 99 0.800000011920929
150 100 0.800000011920929
150 101 0.800000011920929
150 102 0.800000011920929
150 103 0.800000011920929
150 104 0.800000011920929
150 105 0.800000011920929
150 106 0.800000011920929
150 107 0.800000011920929
150 108 0.800000011920929
150 109 0.800000011920929
150 110 0.800000011920929
150 111 0.800000011920929
150 112 0.800000011920929
150 113 0.800000011920929
150 114 0.800000011920929
150 115 0.800000011920929
150 116 0.800000011920929
150 117 0.800000011920929
150 118 0.800000011920929
150 119 0.800000011920929
150 120 0.800000011920929
150 121 0.800000011920929
150 122 0.800000011920929
150 123 0.800000011920929
150 124 0.800000011920929
150 125 0.800000011920929
150 126 0.800000011920929
150 127 0.5846638679504395
151 0 0.0
151 1 -0.5552297830581665
151 2 -0.800000011920929
151 3 -0.800000011920929
151 4 -0.800000011920929
151 5 -0.800000011920929
151 6 -0.800000011920929
151 7 -0.800000011920929
151 8 -0.800000011920929
151 9 -0.800000011920929
151 10 -0.800000011920929
151 11 -0.800000011920929
151 12 -0.800000011920929
151 13 -0.800000011920929
151 14 -0.800000011920929
151 15 -0.800000011920929
151 16 -0.800000011920929
151 17 -0.800000011920929
151 18 -0.800000011920929
151 19 -0.800000011920929
151 20 -0.800000011920929
151 21 -0.800000011920929
151 22 -0.800000011920929
151 23 -0.800000011920929
151 24 -0.800000011920929
151 25 -0.800000011920929
151 26 -0.800000011920929
151 27 -0.800000011920929
151 28 -0.800000011920929
151 29 -0.800000011920929
151 30 -0.800000011920929
151 31 -0.800000011920929
151 32 -0.800000011920929
151 33 -0.800000011920929
151 34 -0.800000011920929
151 35 -0.800000011920929
151 36 -0.800000011920929
151 37 -0.800000011920929
151 38 -0.800000011920929
151 39 -0.800000011920929
151 40 -0.800000011920929
151 41 -0.800000011920929
151 42 -0.800000011920929
151 43 -0.800000011920929
151 44 -0.800000011920929
151 45 -0.800000011920929
151 46 -0.800000011920929
151 47 -0.800000011920929
151 48 -0.800000011920929
151 49 -0.800000011920929
151 50 -0.800000011920929
151 51 -0.800000011920929
151 52 -0.800000011920929
151 53 -0.800000011920929
151 54 -0.800000011920929
151 55 -0.800000011920929
151 56 -0.800000011920929
151 57 -0.800000011920929
151 58 -0.800000011920929
151 59 -0.800000011920929
151 60 -0.800000011920929
151 61 -0.800000011920929
151 62 -0.7344908714294434
151 63 -0.3673475384712219
151 64 6.542954906763043e-07
151 65 0.3673487901687622
151 66 0.7344921827316284
151 67 0.800000011920929
151 68 0.800000011920929
151 69 0.800000011920929
151 70 0.800000011920929
151 71 0.800000011920929
151 72 0.800000011920929
151 73 0.800000011920929
151 74 0.800000011920929
151 75 0.800000011920929
151 76 0.800000011920929
151 77 0.800000011920929
151 78 0.800000011920929
151 79 0.800000011920929
151 80 0.800000011920929
151 81 0.800000011920929
151 82 0.800000011920929
151 83 0.800000011920929
151 84 0.800000011920929
151 85 0.800000011920929
151 86 0.800000011920929
151 87 0.800000011920929
151 88 0.800000011920929
151 89 0.800000011920929
151 90 0.800000011920929
151 91 0.800000011920929
151 92 0.800000011920929
151 93 0.800000011920929
151 94 0.800000011920929
151 95 0.800000011920929
151 96 0.800000011920929
151 97 0.800000011920929
151 98 0.800000011920929
151 99 0.800000011920929
151 100 0.800000011920929
151 101 0.800000011920929
151 102 0.800000011920929
151 103 0.800000011920929
151 104 0.800000011920929
151 105 0.800000011920929
151 106 0.800000011920929
151 107 0.800000011920929
151 108 0.800000011920929
151 109 0.800000011920929
151 110 0.800000011920929
151 111 0.800000011920929
151 112 0.800000011920929
151 113 0.800000011920929
151 114 0.800000011920929
151 115 0.800000011920929
151 116 0.800000011920929
151 117 0.800000011920929
151 118 0.800000011920929
151 119 0.800000011920929
151 120 0.800000011920929
151 121 0.800000011920929
151 122 0.800000011920929
151 123 0.800000011920929
151 124 0.800000011920929
151 125 0.800000011920929
151 126 0.800000011920929
151 127 0.5552293062210083
152 0 0.0
152 1 -0.517742395401001
152 2 -0.800000011920929
152 3 -0.800000011920929
152 4 -0.800000011920929
152 5 -0.800000011920929
152 6 -0.800000011920929
152 7 -0.800000011920929
152 8 -0.800000011920929
152 9 -0.800000011920929
152 10 -0.800000011920929
152 11 -0.800000011920929
152 12 -0.800000011920929
152 13 -0.800000011920929
152 14 -0.800000011920929
152 15 -0.800000011920929
152 16 -0.800000011920929
152 17 -0.800000011920929
152 18 -0.800000011920929
152 19 -0.800000011920929
152 20 -0.800000011920929
152 21 -0.800000011920929
152 22 -0.800000011920929
152 23 -0.800000011920929
152 24 -0.800000011920929
152 25 -0.800000011920929
152 26 -0.800000011920929
152 27 -0.800000011920929
152 28 -0.800000011920929
152 29 -0.800000011920929
152 30 -0.800000011920929
152 31 -0.800000011920929
152 32 -0.800000011920929
152 33 -0.800000011920929
152 34 -0.800000011920929
152 35 -0.800000011920929
152 36 -0.800000011920929
152 37 -0.800000011920929
152 38 -0.800000011920929
152 39 -0.800000011920929
152 40 -0.800000011920929
152 41 -0.800000011920929
152 42 -0.800000011920929
152 43 -0.800000011920929
152 44 -0.800000011920929
152 45 -0.800000011920929
152 46 -0.800000011920929
152 47 -0.800000011920929
152 48 -0.800000011920929
152 49 -0.800000011920929
152 50 -0.800000011920929
152 51 -0.800000011920929
152 52 -0.800000011920929
152 53 -0.800000011920929
152 54 -0.800000011920929
152 55 -0.800000011920929
152 56 -0.800000011920929
152 57 -0.800000011920929
152 58 -0.800000011920929
152 59 -0.800000011920929
152 60 -0.800000011920929
152 61 -0.800000011920929
152 62 -0.6522670984268188
152 63 -0.32617953419685364
152 64 5.809431513625896e-07
152 65 0.32618066668510437
152 66 0.6522681713104248
152 67 0.800000011920929
152 68 0.800000011920929
152 69 0.800000011920929
152 70 0.800000011920929
152 71 0.800000011920929
152 72 0.800000011920929
152 73 0.800000011920929
152 74 0.800000011920929
152 75 0.800000011920929
152 76 0.800000011920929
152 77 0.800000011920929
152 78 0.800000011920929
152 79 0.800000011920929
152 80 0.800000011920929
152 81 0.800000011920929
152 82 0.800000011920929
152 83 0.800000011920929
152 84 0.800000011920929
152 85 0.800000011920929
152 86 0.800000011920929
152 87 0.800000011920929
152 88 0.800000011920929
152 89 0.800000011920929
152 90 0.800000011920929
152 91 0.800000011920929
152 92 0.800000011920929
152 93 0.800000011920929
152 94 0.800000011920929
152 95 0.800000011920929
152 96 0.800000011920929
152 97 0.800000011920929
152 98 0.800000011920929
152 99 0.800000011920929
152 100 0.800000011920929
152 101 0.800000011920929
152 102 0.800000011920929
152 103 0.800000011920929
152 104 0.800000011920929
152 105 0.800000011920929
152 106 0.800000011920929
152 107 0.800000011920929
152 108 0.800000011920929
152 109 0.800000011920929
152 110 0.800000011920929
152 111 0.800000011920929
152 112 0.800000011920929
152 113 0.800000011920929
152 114 0.800000011920929
152 115 0.800000011920929
152 116 0.800000011920929
152 117 0.800000011920929
152 118 0.800000011920929
152 119 0.800000011920929
152 120 0.800000011920929
152 121 0.800000011920929
152 122 0.800000011920929
152 123 0.800000011920929
152 124 0.800000011920929
152 125 0.800000011920929
152 126 0.800000011920929
152 127 0.5177420377731323
153 0 0.0
153 1 -0.47251051664352417
153 2 -0.800000011920929
153 3 -0.800000011920929
153 4 -0.800000011920929
153 5 -0.800000011920929
153 6 -0.800000011920929
153 7 -0.800000011920929
153 8 -0.800000011920929
153 9 -0.800000011920929
153 10 -0.800000011920929
153 11 -0.800000011920929
153 12 -0.800000011920929
153 13 -0.800000011920929
153 14 -0.800000011920929
153 15 -0.800000011920929
153 16 -0.800000011920929
153 17 -0.800000011920929
153 18 -0.800000011920929
153 19 -0.800000011920929
153 20 -0.800000011920929
153 21 -0.800000011920929
153 22 -0.800000011920929
153 23 -0.800000011920929
153 24 -0.800000011920929
153 25 -0.800000011920929
153 26 -0.800000011920929
153 27 -0.800000011920929
153 28 -0.800000011920929
153 29 -0.800000011920929
153 30 -0.800000011920929
153 31 -0.800000011920929
153 32 -0.800000011920929
153 33 -0.800000011920929
153 34 -0.800000011920929
153 35 -0.800000011920929
153 36 -0.800000011920929
153 37 -0.800000011920929
153 38 -0.800000011920929
153 39 -0.800000011920929
153 40 -0.800000011920929
153 41 -0.800000011920929
153 42 -0.800000011920929
153 43 -0.800000011920929
153 44 -0.800000011920929
153 45 -0.800000011920929
153 46 -0.800000011920929
153 47 -0.800000011920929
153 48 -0.800000011920929
153 49 -0.800000011920929
153 50 -0.800000011920929
153 51 -0.800000011920929
153 52 -0.800000011920929
153 53 -0.800000011920929
153 54 -0.800000011920929
153 55 -0.800000011920929
153 56 -0.800000011920929
153 57 -0.800000011920929
153 58 -0.800000011920929
153 59 -0.800000011920929
153 60 -0.800000011920929
153 61 -0.800000011920929
153 62 -0.5692517757415771
153 63 -0.28462862968444824
153 64 5.069165354143479e-07
153 65 0.2846296429634094
153 66 0.5692528486251831
153 67 0.800000011920929
153 68 0.800000011920929
153 69 0.800000011920929
153 70 0.800000011920929
153 71 0.800000011920929
153 72 0.800000011920929
153 73 0.800000011920929
153 74 0.800000011920929
153 75 0.800000011920929
153 76 0.800000011920929
153 77 0.800000011920929
153 78 0.800000011920929
153 79 0.800000011920929
153 80 0.800000011920929
153 81 0.800000011920929
153 82 0.800000011920929
153 83 0.800000011920929
153 84 0.800000011920929
153 85 0.800000011920929
153 86 0.800000011920929
153 87 0.800000011920929
153 88 0.800000011920929
153 89 0.800000011920929
153 90 0.800000011920929
153 91 0.800000011920929
153 92 0.800000011920929
153 93 0.800000011920929
153 94 0.800000011920929
153 95 0.800000011920929
153 96 0.800000011920929
153 97 0.800000011920929
153 98 0.800000011920929
153 99 0.800000011920929
153 100 0.800000011920929
153 101 0.800000011920929
153 102 0.800000011920929
153 103 0.800000011920929
153 104 0.800000011920929
153 105 0.800000011920929
153 106 0.800000011920929
153 107 0.800000011920929
153 108 0.800000011920929
153 109 0.800000011920929
153 110 0.800000011920929
153 111 0.800000011920929
153 112 0.800000011920929
153 113 0.800000011920929
153 114 0.800000011920929
153 115 0.800000011920929
153 116 0.800000011920929
153 117 0.800000011920929
153 118 0.800000011920929
153 119 0.800000011920929
153 120 0.800000011920929
153 121 0.800000011920929
153 122 0.800000011920929
153 123 0.800000011920929
153 124 0.800000011920929
153 125 0.800000011920929
153 126 0.800000011920929
153 127 0.47251012921333313
154 0 0.0
154 1 -0.42002320289611816
154 2 -0.800000011920929
154 3 -0.800000011920929
154 4 -0.800000011920929
154 5 -0.800000011920929
154 6 -0.800000011920929
154 7 -0.800000011920929
154 8 -0.800000011920929
154 9 -0.800000011920929
154 10 -0.800000011920929
154 11 -0.800000011920929
154 12 -0.800000011920929
154 13 -0.800000011920929
154 14 -0.800000011920929
154 15 -0.800000011920929
154 16 -0.800000011920929
154 17 -0.800000011920929
154 18 -0.800000011920929
154 19 -0.800000011920929
154 20 -0.800000011920929
154 21 -0.800000011920929
154 22 -0.800000011920929
154 23 -0.800000011920929
154 24 -0.800000011920929
154 25 -0.800000011920929
154 26 -0.800000011920929
154 27 -0.800000011920929
154 28 -0.800000011920929
154 29 -0.800000011920929
154 30 -0.800000011920929
154 31 -0.800000011920929
154 32 -0.800000011920929
154 33 -0.800000011920929
154 34 -0.800000011920929
154 35 -0.800000011920929
154 36 -0.800000011920929
154 37 -0.800000011920929
154 38 -0.800000011920929
154 39 -0.800000011920929
154 40 -0.800000011920929
154 41 -0.800000011920929
154 42 -0.800000011920929
154 43 -0.800000011920929
154 44 -0.800000011920929
154 45 -0.800000011920929
154 46 -0.800000011920929
154 47 -0.800000011920929
154 48 -0.800000011920929
154 49 -0.800000011920929
154 50 -0.800000011920929
154 51 -0.800000011920929
154 52 -0.800000011920929
154 53 -0.800000011920929
154 54 -0.800000011920929
154 55 -0.800000011920929
154 56 -0.800000011920929
154 57 -0.800000011920929
154 58 -0.800000011920929
154 59 -0.800000011920929
154 60 -0.800000011920929
154 61 -0.7293369770050049
154 62 -0.48613986372947693
154 63 -0.24304239451885223
154 64 4.3283469608468295e-07
154 65 0.24304324388504028
154 66 0.48614072799682617
154 67 0.7293378114700317
154 68 0.800000011920929
154 69 0.800000011920929
154 70 0.800000011920929
154 71 0.800000011920929
154 72 0.800000011920929
154 73 0.800000011920929
154 74 0.800000011920929
154 75 0.800000011920929
154 76 0.800000011920929
154 77 0.800000011920929
154 78 0.800000011920929
154 79 0.800000011920929
154 80 0.800000011920929
154 81 0.800000011920929
154 82 0.800000011920929
154 83 0.800000011920929
154 84 0.800000011920929
154 85 0.800000011920929
154 86 0.800000011920929
154 87 0.800000011920929
154 88 0.800000011920929
154 89 0.800000011920929
154 90 0.800000011920929
154 91 0.800000011920929
154 92 0.800000011920929
154 93 0.800000011920929
154 94 0.800000011920929
154 95 0.800000011920929
154 96 0.800000011920929
154 97 0.800000011920929
154 98 0.800000011920929
154 99 0.800000011920929
154 100 0.800000011920929
154 101 0.800000011920929
154 102 0.800000011920929
154 103 0.800000011920929
154 104 0.800000011920929
154 105 0.800000011920929
154 106 0.800000011920929
154 107 0.800000011920929
154 108 0.800000011920929
154 109 0.800000011920929
154 110 0.800000011920929
154 111 0.800000011920929
154 112 0.800000011920929
154 113 0.800000011920929
154 114 0.800000011920929
154 115 0.800000011920929
154 116 0.800000011920929
154 117 0.800000011920929
154 118 0.800000011920929
154 119 0.800000011920929
154 120 0.800000011920929
154 121 0.800000011920929
154 122 0.800000011920929
154 123 0.800000011920929
154 124 0.800000011920929
154 125 0.800000011920929
154 126 0.800000011920929
154 127 0.4200229048728943
155 0 0.0
155 1 -0.3609418570995331
155 2 -0.720439076423645
155 3 -0.800000011920929
155 4 -0.800000011920929
155 5 -0.800000011920929
155 6 -0.800000011920929
155 7 -0.800000011920929
155 8 -0.800000011920929
155 9 -0.800000011920929
155 10 -0.800000011920929
155 11 -0.800000011920929
155 12 -0.800000011920929
155 13 -0.800000011920929
155 14 -0.800000011920929
155 15 -0.800000011920929
155 16 -0.800000011920929
155 17 -0.800000011920929
155 18 -0.800000011920929
155 19 -0.800000011920929
155 20 -0.800000011920929
155 21 -0.800000011920929
155 22 -0.800000011920929
155 23 -0.800000011920929
155 24 -0.800000011920929
155 25 -0.800000011920929
155 26 -0.800000011920929
155 27 -0.800000011920929
155 28 -0.800000011920929
155 29 -0.800000011920929
155 30 -0.800000011920929
155 31 -0.800000011920929
155 32 -0.800000011920929
155 33 -0.800000011920929
155 34 -0.800000011920929
155 35 -0.800000011920929
155 36 -0.800000011920929
155 37 -0.800000011920929
155 38 -0.800000011920929
155 39 -0.800000011920929
155 40 -0.800000011920929
155 41 -0.800000011920929
155 42 -0.800000011920929
155 43 -0.800000011920929
155 44 -0.800000011920929
155 45 -0.800000011920929
155 46 -0.800000011920929
155 47 -0.800000011920929
155 48 -0.800000011920929
155 49 -0.800000011920929
155 50 -0.800000011920929
155 51 -0.800000011920929
155 52 -0.800000011920929
155 53 -0.800000011920929
155 54 -0.800000011920929
155 55 -0.800000011920929
155 56 -0.800000011920929
155 57 -0.800000011920929
155 58 -0.800000011920929
155 59 -0.800000011920929
155 60 -0.800000011920929
155 61 -0.6053434610366821
155 62 -0.40341752767562866
155 63 -0.20166349411010742
155 64 3.591295012483897e-07
155 65 0.20166416466236115
155 66 0.40341830253601074
155 67 0.6053441762924194
155 68 0.800000011920929
155 69 0.800000011920929
155 70 0.800000011920929
155 71 0.800000011920929
155 72 0.800000011920929
155 73 0.800000011920929
155 74 0.800000011920929
155 75 0.800000011920929
155 76 0.800000011920929
155 77 0.800000011920929
155 78 0.800000011920929
155 79 0.800000011920929
155 80 0.800000011920929
155 81 0.800000011920929
155 82 0.800000011920929
155 83 0.800000011920929
155 84 0.800000011920929
155 85 0.800000011920929
155 86 0.800000011920929
155 87 0.800000011920929
155 88 0.800000011920929
155 89 0.800000011920929
155 90 0.800000011920929
155 91 0.800000011920929
155 92 0.800000011920929
155 93 0.800000011920929
155 94 0.800000011920929
155 95 0.800000011920929
155 96 0.800000011920929
155 97 0.800000011920929
155 98 0.800000011920929
155 99 0.800000011920929
155 100 0.800000011920929
155 101 0.800000011920929
155 102 0.800000011920929
155 103 0.800000011920929
155 104 0.800000011920929
155 105 0.800000011920929
155 106 0.800000011920929
155 107 0.800000011920929
155 108 0.800000011920929
155 109 0.800000011920929
155 110 0.800000011920929
155 111 0.800000011920929
155 112 0.800000011920929
155 113 0.800000011920929
155 114 0.800000011920929
155 115 0.800000011920929
155 116 0.800000011920929
155 117 0.800000011920929
155 118 0.800000011920929
155 119 0.800000011920929
155 120 0.800000011920929
155 121 0.800000011920929
155 122 0.800000011920929
155 123 0.800000011920929
155 124 0.800000011920929
155 125 0.800000011920929
155 126 0.7204363942146301
155 127 0.3609415888786316
156 0 0.0
156 1 -0.2960909605026245
156 2 -0.5909795165061951
156 3 -0.800000011920929
156 4 -0.800000011920929
156 5 -0.800000011920929
156 6 -0.800000011920929
156 7 -0.800000011920929
156 8 -0.800000011920929
156 9 -0.800000011920929
156 10 -0.800000011920929
156 11 -0.800000011920929
156 12 -0.800000011920929
156 13 -0.800000011920929
156 14 -0.800000011920929
156 15 -0.800000011920929
156 16 -0.800000011920929
156 17 -0.800000011920929
156 18 -0.800000011920929
156 19 -0.800000011920929
156 20 -0.800000011920929
156 21 -0.800000011920929
156 22 -0.800000011920929
156 23 -0.800000011920929
156 24 -0.800000011920929
156 25 -0.800000011920929
156 26 -0.800000011920929
156 27 -0.800000011920929
156 28 -0.800000011920929
156 29 -0.800000011920929
156 30 -0.800000011920929
156 31 -0.800000011920929
156 32 -0.800000011920929
156 33 -0.800000011920929
156 34 -0.800000011920929
156 35 -0.800000011920929
156 36 -0.800000011920929
156 37 -0.800000011920929
156 38 -0.800000011920929
156 39 -0.800000011920929
156 40 -0.800000011920929
156 41 -0.800000011920929
156 42 -0.800000011920929
156 43 -0.800000011920929
156 44 -0.800000011920929
156 45 -0.800000011920929
156 46 -0.800000011920929
156 47 -0.800000011920929
156 48 -0.800000011920929
156 49 -0.800000011920929
156 50 -0.800000011920929
156 51 -0.800000011920929
156 52 -0.800000011920929
156 53 -0.800000011920929
156 54 -0.800000011920929
156 55 -0.800000011920929
156 56 -0.800000011920929
156 57 -0.800000011920929
156 58 -0.800000011920929
156 59 -0.800000011920929
156 60 -0.6435375213623047
156 61 -0.4823126792907715
156 62 -0.3213750422000885
156 63 -0.16063596308231354
156 64 2.8605703050743614e-07
156 65 0.1606365144252777
156 66 0.32137563824653625
156 67 0.4823131859302521
156 68 0.6435381174087524
156 69 0.800000011920929
156 70 0.800000011920929
156 71 0.800000011920929
156 72 0.800000011920929
156 73 0.800000011920929
156 74 0.800000011920929
156 75 0.800000011920929
156 76 0.800000011920929
156 77 0.800000011920929
156 78 0.800000011920929
156 79 0.800000011920929
156 80 0.800000011920929
156 81 0.800000011920929
156 82 0.800000011920929
156 83 0.800000011920929
156 84 0.800000011920929
156 85 0.800000011920929
156 86 0.800000011920929
156 87 0.800000011920929
156 88 0.800000011920929
156 89 0.800000011920929
156 90 0.800000011920929
156 91 0.800000011920929
156 92 0.800000011920929
156 93 0.800000011920929
156 94 0.800000011920929
156 95 0.800000011920929
156 96 0.800000011920929
156 97 0.800000011920929
156 98 0.800000011920929
156 99 0.800000011920929
156 100 0.800000011920929
156 101 0.800000011920929
156 102 0.800000011920929
156 103 0.800000011920929
156 104 0.800000011920929
156 105 0.800000011920929
156 106 0.800000011920929
156 107 0.800000011920929
156 108 0.800000011920929
156 109 0.800000011920929
156 110 0.800000011920929
156 111 0.800000011920929
156 112 0.800000011920929
156 113 0.800000011920929
156 114 0.800000011920929
156 115 0.800000011920929
156 116 0.800000011920929
156 117 0.800000011920929
156 118 0.800000011920929
156 119 0.800000011920929
156 120 0.800000011920929
156 121 0.800000011920929
156 122 0.800000011920929
156 123 0.800000011920929
156 124 0.800000011920929
156 125 0.800000011920929
156 126 0.5909772515296936
156 127 0.2960907220840454
157 0 0.0
157 1 -0.22643804550170898
157 2 -0.45194628834724426
157 3 -0.6756008863449097
157 4 -0.800000011920929
157 5 -0.800000011920929
157 6 -0.800000011920929
157 7 -0.800000011920929
157 8 -0.800000011920929
157 9 -0.800000011920929
157 10 -0.800000011920929
157 11 -0.800000011920929
157 12 -0.800000011920929
157 13 -0.800000011920929
157 14 -0.800000011920929
157 15 -0.800000011920929
157 16 -0.800000011920929
157 17 -0.800000011920929
157 18 -0.800000011920929
157 19 -0.800000011920929
157 20 -0.800000011920929
157 21 -0.800000011920929
157 22 -0.800000011920929
157 23 -0.800000011920929
157 24 -0.800000011920929
157 25 -0.800000011920929
157 26 -0.800000011920929
157 27 -0.800000011920929
157 28 -0.800000011920929
157 29 -0.800000011920929
157 30 -0.800000011920929
157 31 -0.800000011920929
157 32 -0.800000011920929
157 33 -0.800000011920929
157 34 -0.800000011920929
157 35 -0.800000011920929
157 36 -0.800000011920929
157 37 -0.800000011920929
157 38 -0.800000011920929
157 39 -0.800000011920929
157 40 -0.800000011920929
157 41 -0.800000011920929
157 42 -0.800000011920929
157 43 -0.800000011920929
157 44 -0.800000011920929
157 45 -0.800000011920929
157 46 -0.800000011920929
157 47 -0.800000011920929
157 48 -0.800000011920929
157 49 -0.800000011920929
157 50 -0.800000011920929
157 51 -0.800000011920929
157 52 -0.800000011920929
157 53 -0.800000011920929
157 54 -0.800000011920929
157 55 -0.800000011920929
157 56 -0.800000011920929
157 57 -0.800000011920929
157 58 -0.7231860160827637
157 59 -0.6018823385238647
157 60 -0.4809773564338684
157 61 -0.3604133725166321
157 62 -0.24011972546577454
157 63 -0.12001189589500427
157 64 2.1370895808558998e-07
157 65 0.1200123131275177
157 66 0.24012015759944916
157 67 0.3604137897491455
157 68 0.4809778332710266
157 69 0.601882815361023
157 70 0.7231864929199219
157 71 0.800000011920929
157 72 0.800000011920929
157 73 0.800000011920929
157 74 0.800000011920929
157 75 0.800000011920929
157 76 0.800000011920929
157 77 0.800000011920929
157 78 0.800000011920929
157 79 0.800000011920929
157 80 0.800000011920929
157 81 0.800000011920929
157 82 0.800000011920929
157 83 0.800000011920929
157 84 0.800000011920929
157 85 0.800000011920929
157 86 0.800000011920929
157 87 0.800000011920929
157 88 0.800000011920929
157 89 0.800000011920929
157 90 0.800000011920929
157 91 0.800000011920929
157 92 0.800000011920929
157 93 0.800000011920929
157 94 0.800000011920929
157 95 0.800000011920929
157 96 0.800000011920929
157 97 0.800000011920929
157 98 0.800000011920929
157 99 0.800000011920929
157 100 0.800000011920929
157 101 0.800000011920929
157 102 0.800000011920929
157 103 0.800000011920929
157 104 0.800000011920929
157 105 0.800000011920929
157 106 0.800000011920929
157 107 0.800000011920929
157 108 0.800000011920929
157 109 0.800000011920929
157 110 0.800000011920929
157 111 0.800000011920929
157 112 0.800000011920929
157 113 0.800000011920929
157 114 0.800000011920929
157 115 0.800000011920929
157 116 0.800000011920929
157 117 0.800000011920929
157 118 0.800000011920929
157 119 0.800000011920929
157 120 0.800000011920929
157 121 0.800000011920929
157 122 0.800000011920929
157 123 0.800000011920929
157 124 0.800000011920929
157 125 0.6755998134613037
157 126 0.45194458961486816
157 127 0.22643786668777466
158 0 0.0
158 1 -0.15307262539863586
158 2 -0.30551180243492126
158 3 -0.4566881060600281
158 4 -0.605980396270752
158 5 -0.7527793049812317
158 6 -0.800000011920929
158 7 -0.800000011920929
158 8 -0.800000011920929
158 9 -0.800000011920929
158 10 -0.800000011920929
158 11 -0.800000011920929
158 12 -0.800000011920929
158 13 -0.800000011920929
158 14 -0.800000011920929
158 15 -0.800000011920929
158 16 -0.800000011920929
158 17 -0.800000011920929
158 18 -0.800000011920929
158 19 -0.800000011920929
158 20 -0.800000011920929
158 21 -0.800000011920929
158 22 -0.800000011920929
158 23 -0.800000011920929
158 24 -0.800000011920929
158 25 -0.800000011920929
158 26 -0.800000011920929
158 27 -0.800000011920929
158 28 -0.800000011920929
158 29 -0.800000011920929
158 30 -0.800000011920929
158 31 -0.800000011920929
158 32 -0.800000011920929
158 33 -0.800000011920929
158 34 -0.800000011920929
158 35 -0.800000011920929
158 36 -0.800000011920929
158 37 -0.800000011920929
158 38 -0.800000011920929
158 39 -0.800000011920929
158 40 -0.800000011920929
158 41 -0.800000011920929
158 42 -0.800000011920929
158 43 -0.800000011920929
158 44 -0.800000011920929
158 45 -0.800000011920929
158 46 -0.800000011920929
158 47 -0.800000011920929
158 48 -0.800000011920929
158 49 -0.800000011920929
158 50 -0.800000011920929
158 51 -0.800000011920929
158 52 -0.800000011920929
158 53 -0.800000011920929
158 54 -0.800000011920929
158 55 -0.7253565788269043
158 56 -0.6435378789901733
158 57 -0.5620786547660828
158 58 -0.48097842931747437
158 59 -0.40021950006484985
158 60 -0.31976979970932007
158 61 -0.23958277702331543
158 62 -0.15960286557674408
158 63 -0.07976491004228592
158 64 1.4203712339622143e-07
158 65 0.079765185713768
158 66 0.15960314869880676
158 67 0.23958304524421692
158 68 0.31977009773254395
158 69 0.40021979808807373
158 70 0.480978786945343
158 71 0.5620788931846619
158 72 0.6435381770133972
158 73 0.725356936454773
158 74 0.800000011920929
158 75 0.800000011920929
158 76 0.800000011920929
158 77 0.800000011920929
158 78 0.800000011920929
158 79 0.800000011920929
158 80 0.800000011920929
158 81 0.800000011920929
158 82 0.800000011920929
158 83 0.800000011920929
158 84 0.800000011920929
158 85 0.800000011920929
158 86 0.800000011920929
158 87 0.800000011920929
158 88 0.800000011920929
158 89 0.800000011920929
158 90 0.800000011920929
158 91 0.800000011920929
158 92 0.800000011920929
158 93 0.800000011920929
158 94 0.800000011920929
158 95 0.800000011920929
158 96 0.800000011920929
158 97 0.800000011920929
158 98 0.800000011920929
158 99 0.800000011920929
158 100 0.800000011920929
158 101 0.800000011920929
158 102 0.800000011920929
158 103 0.800000011920929
158 104 0.800000011920929
158 105 0.800000011920929
158 106 0.800000011920929
158 107 0.800000011920929
158 108 0.800000011920929
158 109 0.800000011920929
158 110 0.800000011920929
158 111 0.800000011920929
158 112 0.800000011920929
158 113 0.800000011920929
158 114 0.800000011920929
158 115 0.800000011920929
158 116 0.800000011920929
158 117 0.800000011920929
158 118 0.800000011920929
158 119 0.800000011920929
158 120 0.800000011920929
158 121 0.800000011920929
158 122 0.800000011920929
158 123 0.7527793645858765
158 124 0.6059800386428833
158 125 0.45668739080429077
158 126 0.30551064014434814
158 127 0.1530725061893463
159 0 0.0
159 1 -0.07717674225568771
159 2 -0.1540326178073883
159 3 -0.2302488088607788
159 4 -0.3055107295513153
159 5 -0.3795098066329956
159 6 -0.45194560289382935
159 7 -0.522527813911438
159 8 -0.5909778475761414
159 9 -0.6570306420326233
159 10 -0.7204365134239197
159 11 -0.7809619903564453
159 12 -0.800000011920929
159 13 -0.800000011920929
159 14 -0.800000011920929
159 15 -0.800000011920929
159 16 -0.800000011920929
159 17 -0.800000011920929
159 18 -0.800000011920929
159 19 -0.800000011920929
159 20 -0.800000011920929
159 21 -0.800000011920929
159 22 -0.800000011920929
159 23 -0.800000011920929
159 24 -0.800000011920929
159 25 -0.800000011920929
159 26 -0.800000011920929
159 27 -0.800000011920929
159 28 -0.800000011920929
159 29 -0.800000011920929
159 30 -0.800000011920929
159 31 -0.800000011920929
159 32 -0.800000011920929
159 33 -0.800000011920929
159 34 -0.800000011920929
159 35 -0.800000011920929
159 36 -0.800000011920929
159 37 -0.800000011920929
159 38 -0.800000011920929
159 39 -0.800000011920929
159 40 -0.800000011920929
159 41 -0.800000011920929
159 42 -0.800000011920929
159 43 -0.800000011920929
159 44 -0.800000011920929
159 45 -0.775030255317688
159 46 -0.734488308429718
159 47 -0.6935269832611084
159 48 -0.6522650718688965
159 49 -0.6108083128929138
159 50 -0.5692503452301025
159 51 -0.5276709794998169
159 52 -0.48613807559013367
159 53 -0.4447058141231537
159 54 -0.4034162163734436
159 55 -0.3622996211051941
159 56 -0.32137420773506165
159 57 -0.28064829111099243
159 58 -0.24011953175067902
159 59 -0.1997770220041275
159 60 -0.15960237383842468
159 61 -0.11956988275051117
159 62 -0.07964914292097092
159 63 -0.03980492055416107
159 64 7.087965059326962e-08
159 65 0.039805058389902115
159 66 0.07964928448200226
159 67 0.11957001686096191
159 68 0.15960252285003662
159 69 0.19977715611457825
159 70 0.24011969566345215
159 71 0.280648410320282
159 72 0.32137441635131836
159 73 0.36229977011680603
159 74 0.40341633558273315
159 75 0.44470590353012085
159 76 0.48613816499710083
159 77 0.5276710391044617
159 78 0.5692504644393921
159 79 0.6108084321022034
159 80 0.652265191078186
159 81 0.693527102470398
159 82 0.734488308429718
159 83 0.7750304341316223
159 84 0.800000011920929
159 85 0.800000011920929
159 86 0.800000011920929
159 87 0.800000011920929
159 88 0.800000011920929
159 89 0.800000011920929
159 90 0.800000011920929
159 91 0.800000011920929
159 92 0.800000011920929
159 93 0.800000011920929
159 94 0.800000011920929
159 95 0.800000011920929
159 96 0.800000011920929
159 97 0.800000011920929
159 98 0.800000011920929
159 99 0.800000011920929
159 100 0.800000011920929
159 101 0.800000011920929
159 102 0.800000011920929
159 103 0.800000011920929
159 104 0.800000011920929
159 105 0.800000011920929
159 106 0.800000011920929
159 107 0.800000011920929
159 108 0.800000011920929
159 109 0.800000011920929
159 110 0.800000011920929
159 111 0.800000011920929
159 112 0.800000011920929
159 113 0.800000011920929
159 114 0.800000011920929
159 115 0.800000011920929
159 116 0.800000011920929
159 117 0.7809619307518005
159 118 0.720436155796051
159 119 0.6570302248001099
159 120 0.5909777879714966
159 121 0.5225275754928589
159 122 0.4519451856613159
159 123 0.379509836435318
159 124 0.30551058053970337
159 125 0.23024848103523254
159 126 0.15403202176094055
159 127 0.07717668265104294
160 0 0.0
160 1 5.3252608722687e-07
160 2 1.0628347126839799e-06
160 3 1.5887228528299602e-06
160 4 2.1080163605802227e-06
160 5 2.6185825845459476e-06
160 6 3.118346057817689e-06
160 7 3.605300435083336e-06
160 8 4.077521225553937e-06
160 9 4.533176706900122e-06
160 10 4.9705422497936524e-06
160 11 5.388005320128286e-06
160 12 5.784079803561326e-06
160 13 6.157412371976534e-06
160 14 6.506787940452341e-06
160 15 6.8311364884721115e-06
160 16 7.129539881134406e-06
160 17 7.401234142889734e-06
160 18 7.645609002793208e-06
160 19 7.862216079956852e-06
160 20 8.050757060118485e-06
160 21 8.211095519072842e-06
160 22 8.343243280251045e-06
160 23 8.447364962194115e-06
160 24 8.523766155121848e-06
160 25 8.572891601943411e-06
160 26 8.595316103310324e-06
160 27 8.591736332164146e-06
160 28 8.56296446727356e-06
160 29 8.509915460308548e-06
160 30 8.433597031398676e-06
160 31 8.335100574186072e-06
160 32 8.215591151383705e-06
160 33 8.076288395386655e-06
160 34 7.9184646892827e-06
160 35 7.743424248474184e-06
160 36 7.55249720896245e-06
160 37 7.347023256443208e-06
160 38 7.128344805096276e-06
160 39 6.8977892624388915e-06
160 40 6.656665846094256e-06
160 41 6.406247393897502e-06
160 42 6.1477649069274776e-06
160 43 5.882400273549138e-06
160 44 5.611271262750961e-06
160 45 5.335433797881706e-06
160 46 5.05586649524048e-06
160 47 4.7734683903399855e-06
160 48 4.489060302148573e-06
160 49 4.203370735922363e-06
160 50 3.917044523404911e-06
160 51 3.6306305446487386e-06
160 52 3.344595143062179e-06
160 53 3.059310529351933e-06
160 54 2.7750634217227343e-06
160 55 2.492058456482482e-06
160 56 2.210419097536942e-06
160 57 1.9301978682051413e-06
160 58 1.6513745322299656e-06
160 59 1.373868599330308e-06
160 60 1.0975484201480867e-06
160 61 8.222315273087588e-07
160 62 5.477024842548417e-07
160 63 2.737128284024948e-07
160 64 -4.87391756728156e-13
160 65 -2.737137947406154e-07
160 66 -5.477035074363812e-07
160 67 -8.222324368034606e-07
160 68 -1.0975493296427885e-06
160 69 -1.3738695088250097e-06
160 70 -1.6513754417246673e-06
160 71 -1.930198777699843e-06
160 72 -2.2104204617789946e-06
160 73 -2.492059820724535e-06
160 74 -2.7750638764700852e-06
160 75 -3.0593114388466347e-06
160 76 -3.3445958251832053e-06
160 77 -3.6306309993960895e-06
160 78 -3.917044978152262e-06
160 79 -4.2033716454170644e-06
160 80 -4.489061211643275e-06
160 81 -4.773470209329389e-06
160 82 -5.055866040493129e-06
160 83 -5.3354347073764075e-06
160 84 -5.6112730817403644e-06
160 85 -5.882399818801787e-06
160 86 -6.147765816422179e-06
160 87 -6.406248758139554e-06
160 88 -6.656667210336309e-06
160 89 -6.897789717186242e-06
160 90 -7.128344805096276e-06
160 91 -7.347025075432612e-06
160 92 -7.55249720896245e-06
160 93 -7.743425157968886e-06
160 94 -7.918465598777402e-06
160 95 -8.076289304881357e-06
160 96 -8.215591151383705e-06
160 97 -8.335101483680774e-06
160 98 -8.433597940893378e-06
160 99 -8.509915460308548e-06
160 100 -8.562965376768261e-06
160 101 -8.591737241658848e-06
160 102 -8.595316103310324e-06
160 103 -8.572891601943411e-06
160 104 -8.523766155121848e-06
160 105 -8.447364962194115e-06
160 106 -8.343243280251045e-06
160 107 -8.21109460957814e-06
160 108 -8.050756150623783e-06
160 109 -7.862216079956852e-06
160 110 -7.645609002793208e-06
160 111 -7.401232778647682e-06
160 112 -7.129538062145002e-06
160 113 -6.8311364884721115e-06
160 114 -6.5067861214629374e-06
160 115 -6.1574100982397795e-06
160 116 -5.784080713056028e-06
160 117 -5.388004865380935e-06
160 118 -4.970539976056898e-06
160 119 -4.5331735236686654e-06
160 120 -4.077520770806586e-06
160 121 -3.605298843467608e-06
160 122 -3.1183431019599084e-06
160 123 -2.618582811919623e-06
160 124 -2.10801499633817e-06
160 125 -1.5887203517195303e-06
160 126 -1.0628307336446596e-06
160 127 -5.325256324795191e-07
161 0 0.0
161 1 0.07717705518007278
161 2 0.15403324365615845
161 3 0.23024976253509521
161 4 0.3055119812488556
161 5 0.37951135635375977
161 6 0.4519474506378174
161 7 0.5225299596786499
161 8 0.5909802913665771
161 9 0.6570333242416382
161 10 0.7204394340515137
161 11 0.7809652090072632
161 12 0.800000011920929
161 13 0.800000011920929
161 14 0.800000011920929
161 15 0.800000011920929
161 16 0.800000011920929
161 17 0.800000011920929
161 18 0.800000011920929
161 19 0.800000011920929
161 20 0.800000011920929
161 21 0.800000011920929
161 22 0.800000011920929
161 23 0.800000011920929
161 24 0.800000011920929
161 25 0.800000011920929
161 26 0.800000011920929
161 27 0.800000011920929
161 28 0.800000011920929
161 29 0.800000011920929
161 30 0.800000011920929
161 31 0.800000011920929
161 32 0.800000011920929
161 33 0.800000011920929
161 34 0.800000011920929
161 35 0.800000011920929
161 36 0.800000011920929
161 37 0.800000011920929
161 38 0.800000011920929
161 39 0.800000011920929
161 40 0.800000011920929
161 41 0.800000011920929
161 42 0.800000011920929
161 43 0.800000011920929
161 44 0.800000011920929
161 45 0.7750334739685059
161 46 0.7344912886619568
161 47 0.6935298442840576
161 48 0.6522677540779114
161 49 0.6108108162879944
161 50 0.5692526698112488
161 51 0.5276731848716736
161 52 0.48614001274108887
161 53 0.44470763206481934
161 54 0.4034178853034973
161 55 0.3623011112213135
161 56 0.3213755488395691
161 57 0.28064942359924316
161 58 0.24012050032615662
161 59 0.19977784156799316
161 60 0.1596030294895172
161 61 0.11957037448883057
161 62 0.07964947074651718
161 63 0.039805084466934204
161 64 -7.087994191579128e-08
161 65 -0.039805226027965546
161 66 -0.07964961975812912
161 67 -0.11957050859928131
161 68 -0.15960317850112915
161 69 -0.1997779905796051
161 70 -0.24012067914009094
161 71 -0.2806495428085327
161 72 -0.32137569785118103
161 73 -0.362301230430603
161 74 -0.40341803431510925
161 75 -0.4447077512741089
161 76 -0.4861401915550232
161 77 -0.5276732444763184
161 78 -0.5692527890205383
161 79 -0.6108109354972839
161 80 -0.6522678732872009
161 81 -0.6935299634933472
161 82 -0.7344912886619568
161 83 -0.7750336527824402
161 84 -0.800000011920929
161 85 -0.800000011920929
161 86 -0.800000011920929
161 87 -0.800000011920929
161 88 -0.800000011920929
161 89 -0.800000011920929
161 90 -0.800000011920929
161 91 -0.800000011920929
161 92 -0.800000011920929
161 93 -0.800000011920929
161 94 -0.800000011920929
161 95 -0.800000011920929
161 96 -0.800000011920929
161 97 -0.800000011920929
161 98 -0.800000011920929
161 99 -0.800000011920929
161 100 -0.800000011920929
161 101 -0.800000011920929
161 102 -0.800000011920929
161 103 -0.800000011920929
161 104 -0.800000011920929
161 105 -0.800000011920929
161 106 -0.800000011920929
161 107 -0.800000011920929
161 108 -0.800000011920929
161 109 -0.800000011920929
161 110 -0.800000011920929
161 111 -0.800000011920929
161 112 -0.800000011920929
161 113 -0.800000011920929
161 114 -0.800000011920929
161 115 -0.800000011920929
161 116 -0.800000011920929
161 117 -0.7809650897979736
161 118 -0.7204391360282898
161 119 -0.65703284740448
161 120 -0.5909802317619324
161 121 -0.5225297212600708
161 122 -0.45194703340530396
161 123 -0.37951135635375977
161 124 -0.30551183223724365
161 125 -0.23024941980838776
161 126 -0.1540326625108719
161 127 -0.07717699557542801
162 0 0.0
162 1 0.15307292342185974
162 2 0.30551236867904663
162 3 0.4566889703273773
162 4 0.6059814691543579
162 5 0.7527807950973511
162 6 0.800000011920929
162 7 0.800000011920929
162 8 0.800000011920929
162 9 0.800000011920929
162 10 0.800000011920929
162 11 0.800000011920929
162 12 0.800000011920929
162 13 0.800000011920929
162 14 0.800000011920929
162 15 0.800000011920929
162 16 0.800000011920929
162 17 0.800000011920929
162 18 0.800000011920929
162 19 0.800000011920929
162 20 0.800000011920929
162 21 0.800000011920929
162 22 0.800000011920929
162 23 0.800000011920929
162 24 0.800000011920929
162 25 0.800000011920929
162 26 0.800000011920929
162 27 0.800000011920929
162 28 0.800000011920929
162 29 0.800000011920929
162 30 0.800000011920929
162 31 0.800000011920929
162 32 0.800000011920929
162 33 0.800000011920929
162 34 0.800000011920929
162 35 0.800000011920929
162 36 0.800000011920929
162 37 0.800000011920929
162 38 0.800000011920929
162 39 0.800000011920929
162 40 0.800000011920929
162 41 0.800000011920929
162 42 0.800000011920929
162 43 0.800000011920929
162 44 0.800000011920929
162 45 0.800000011920929
162 46 0.800000011920929
162 47 0.800000011920929
162 48 0.800000011920929
162 49 0.800000011920929
162 50 0.800000011920929
162 51 0.800000011920929
162 52 0.800000011920929
162 53 0.800000011920929
162 54 0.800000011920929
162 55 0.7253578901290894
162 56 0.6435390710830688
162 57 0.5620797872543335
162 58 0.480979323387146
162 59 0.4002203345298767
162 60 0.3197703957557678
162 61 0.23958323895931244
162 62 0.15960316359996796
162 63 0.07976505160331726
162 64 -1.4203739340246102e-07
162 65 -0.07976533472537994
162 66 -0.15960346162319183
162 67 -0.23958350718021393
162 68 -0.3197706937789917
162 69 -0.4002205729484558
162 70 -0.48097971081733704
162 71 -0.5620800256729126
162 72 -0.6435394287109375
162 73 -0.7253583073616028
162 74 -0.800000011920929
162 75 -0.800000011920929
162 76 -0.800000011920929
162 77 -0.800000011920929
162 78 -0.800000011920929
162 79 -0.800000011920929
162 80 -0.800000011920929
162 81 -0.800000011920929
162 82 -0.800000011920929
162 83 -0.800000011920929
162 84 -0.800000011920929
162 85 -0.800000011920929
162 86 -0.800000011920929
162 87 -0.800000011920929
162 88 -0.800000011920929
162 89 -0.800000011920929
162 90 -0.800000011920929
162 91 -0.800000011920929
162 92 -0.800000011920929
162 93 -0.800000011920929
162 94 -0.800000011920929
162 95 -0.800000011920929
162 96 -0.800000011920929
162 97 -0.800000011920929
162 98 -0.800000011920929
162 99 -0.800000011920929
162 100 -0.800000011920929
162 101 -0.800000011920929
162 102 -0.800000011920929
162 103 -0.800000011920929
162 104 -0.800000011920929
162 105 -0.800000011920929
162 106 -0.800000011920929
162 107 -0.800000011920929
162 108 -0.800000011920929
162 109 -0.800000011920929
162 110 -0.800000011920929
162 111 -0.800000011920929
162 112 -0.800000011920929
162 113 -0.800000011920929
162 114 -0.800000011920929
162 115 -0.800000011920929
162 116 -0.800000011920929
162 117 -0.800000011920929
162 118 -0.800000011920929
162 119 -0.800000011920929
162 120 -0.800000011920929
162 121 -0.800000011920929
162 122 -0.800000011920929
162 123 -0.7527807950973511
162 124 -0.605981171131134
162 125 -0.45668825507164
162 126 -0.3055112063884735
162 127 -0.1530728042125702
163 0 0.0
163 1 0.22643834352493286
163 2 0.45194685459136963
163 3 0.6756017804145813
163 4 0.800000011920929
163 5 0.800000011920929
163 6 0.800000011920929
163 7 0.800000011920929
163 8 0.800000011920929
163 9 0.800000011920929
163 10 0.800000011920929
163 11 0.800000011920929
163 12 0.800000011920929
163 13 0.800000011920929
163 14 0.800000011920929
163 15 0.800000011920929
163 16 0.800000011920929
163 17 0.800000011920929
163 18 0.800000011920929
163 19 0.800000011920929
163 20 0.800000011920929
163 21 0.800000011920929
163 22 0.800000011920929
163 23 0.800000011920929
163 24 0.800000011920929
163 25 0.800000011920929
163 26 0.800000011920929
163 27 0.800000011920929
163 28 0.800000011920929
163 29 0.800000011920929
163 30 0.800000011920929
163 31 0.800000011920929
163 32 0.800000011920929
163 33 0.800000011920929
163 34 0.800000011920929
163 35 0.800000011920929
163 36 0.800000011920929
163 37 0.800000011920929
163 38 0.800000011920929
163 39 0.800000011920929
163 40 0.800000011920929
163 41 0.800000011920929
163 42 0.800000011920929
163 43 0.800000011920929
163 44 0.800000011920929
163 45 0.800000011920929
163 46 0.800000011920929
163 47 0.800000011920929
163 48 0.800000011920929
163 49 0.800000011920929
163 50 0.800000011920929
163 51 0.800000011920929
163 52 0.800000011920929
163 53 0.800000011920929
163 54 0.800000011920929
163 55 0.800000011920929
163 56 0.800000011920929
163 57 0.800000011920929
163 58 0.7231870889663696
163 59 0.6018831729888916
163 60 0.4809780418872833
163 61 0.36041390895843506
163 62 0.2401200532913208
163 63 0.1200120598077774
163 64 -2.1370927072439372e-07
163 65 -0.12001247704029083
163 66 -0.24012047052383423
163 67 -0.3604143261909485
163 68 -0.48097845911979675
163 69 -0.6018836498260498
163 70 -0.7231875061988831
163 71 -0.800000011920929
163 72 -0.800000011920929
163 73 -0.800000011920929
163 74 -0.800000011920929
163 75 -0.800000011920929
163 76 -0.800000011920929
163 77 -0.800000011920929
163 78 -0.800000011920929
163 79 -0.800000011920929
163 80 -0.800000011920929
163 81 -0.800000011920929
163 82 -0.800000011920929
163 83 -0.800000011920929
163 84 -0.800000011920929
163 85 -0.800000011920929
163 86 -0.800000011920929
163 87 -0.800000011920929
163 88 -0.800000011920929
163 89 -0.800000011920929
163 90 -0.800000011920929
163 91 -0.800000011920929
163 92 -0.800000011920929
163 93 -0.800000011920929
163 94 -0.800000011920929
163 95 -0.800000011920929
163 96 -0.800000011920929
163 97 -0.800000011920929
163 98 -0.800000011920929
163 99 -0.800000011920929
163 100 -0.800000011920929
163 101 -0.800000011920929
163 102 -0.800000011920929
163 103 -0.800000011920929
163 104 -0.800000011920929
163 105 -0.800000011920929
163 106 -0.800000011920929
163 107 -0.800000011920929
163 108 -0.800000011920929
163 109 -0.800000011920929
163 110 -0.800000011920929
163 111 -0.800000011920929
163 112 -0.800000011920929
163 113 -0.800000011920929
163 114 -0.800000011920929
163 115 -0.800000011920929
163 116 -0.800000011920929
163 117 -0.800000011920929
163 118 -0.800000011920929
163 119 -0.800000011920929
163 120 -0.800000011920929
163 121 -0.800000011920929
163 122 -0.800000011920929
163 123 -0.800000011920929
163 124 -0.800000011920929
163 125 -0.6756007075309753
163 126 -0.45194515585899353
163 127 -0.22643816471099854
